-- phpMyAdmin SQL Dump
-- version 5.0.1
-- https://www.phpmyadmin.net/
--
-- Host: 127.0.0.1
-- Generation Time: Jan 02, 2021 at 12:07 PM
-- Server version: 10.4.11-MariaDB
-- PHP Version: 7.2.27

SET SQL_MODE = "NO_AUTO_VALUE_ON_ZERO";
SET AUTOCOMMIT = 0;
START TRANSACTION;
SET time_zone = "+00:00";


/*!40101 SET @OLD_CHARACTER_SET_CLIENT=@@CHARACTER_SET_CLIENT */;
/*!40101 SET @OLD_CHARACTER_SET_RESULTS=@@CHARACTER_SET_RESULTS */;
/*!40101 SET @OLD_COLLATION_CONNECTION=@@COLLATION_CONNECTION */;
/*!40101 SET NAMES utf8mb4 */;

--
-- Database: `digitech`
--

-- --------------------------------------------------------

--
-- Table structure for table `attendance`
--

CREATE TABLE `attendance` (
  `attendance_id` int(11) NOT NULL,
  `std_id` varchar(11) NOT NULL,
  `program_id` int(11) NOT NULL
) ENGINE=InnoDB DEFAULT CHARSET=utf8;

--
-- Dumping data for table `attendance`
--

INSERT INTO `attendance` (`attendance_id`, `std_id`, `program_id`) VALUES
(1, '111', 1),
(2, '001', 1),
(3, '002', 1),
(4, '003', 1),
(5, '004', 1),
(6, '005', 1),
(7, '006', 1),
(8, '007', 1),
(9, '008', 1),
(10, '009', 1),
(11, '010', 1),
(12, '011', 1),
(13, '012', 1),
(14, '013', 1),
(15, '014', 1),
(16, '015', 1),
(17, '016', 1),
(18, '017', 1),
(19, '018', 1),
(20, '019', 1),
(21, '020', 1),
(22, '021', 1),
(23, '022', 1),
(24, '023', 1),
(25, '024', 1),
(26, '025', 1),
(27, '026', 1),
(28, '027', 1),
(29, '028', 1),
(30, '029', 1),
(31, '030', 1),
(32, '031', 1),
(33, '032', 1),
(34, '033', 1),
(35, '034', 1),
(36, '035', 1),
(37, '036', 1),
(38, '037', 1),
(39, '038', 1),
(40, '039', 1),
(41, '040', 1),
(42, '333', 1),
(43, '333', 2),
(44, '041', 6),
(45, '042', 6),
(46, '043', 6),
(47, '044', 6),
(48, '045', 6),
(49, '046', 6),
(50, '047', 6),
(51, '048', 6),
(52, '049', 6),
(53, '050', 6),
(54, '051', 6),
(55, '052', 6),
(56, '053', 6),
(57, '054', 6),
(58, '055', 6),
(59, '056', 6),
(60, '057', 6),
(61, '058', 6),
(62, '059', 6),
(63, '060', 6),
(64, '061', 6),
(65, '062', 6),
(66, '063', 6),
(67, '064', 6),
(68, '065', 6),
(69, '066', 6),
(70, '067', 6),
(71, '068', 6),
(72, '069', 6),
(73, '070', 6),
(74, '071', 6),
(75, '072', 6),
(76, 'DIM01', 4),
(77, 'DIM02', 4),
(78, 'DIM03', 4),
(79, 'DIM04', 4),
(80, 'DIM05', 4),
(81, 'DIM06', 4),
(82, 'DIM07', 4),
(83, 'DIM08', 4),
(84, 'DIM09', 4),
(85, 'DIM10', 4),
(86, 'DIM11', 4),
(87, 'DIM12', 4),
(88, 'DIM13', 4),
(89, 'DIM14', 4),
(90, 'DIM15', 4),
(91, 'IOT01', 3),
(92, 'IOT02', 3),
(93, 'IOT03', 3),
(94, 'IOT04', 3),
(95, 'IOT05', 3),
(96, 'IOT06', 3),
(97, 'IOT07', 3),
(98, 'IOT08', 3),
(99, 'IOT09', 3),
(100, 'IOT10', 3),
(101, 'IOT11', 3),
(102, 'IOT12', 3),
(103, 'IOT13', 3),
(104, 'IOT14', 3),
(105, 'IOT15', 3),
(106, 'IOT16', 3),
(107, 'IOT17', 3),
(108, 'IOT18', 3),
(109, 'IOT19', 3),
(110, 'IOT20', 3),
(111, 'IOT21', 3),
(112, 'IOT22', 3),
(113, 'IOT23', 3),
(114, 'IOT24', 3),
(115, 'IOT25', 3),
(116, 'IOT26', 3),
(117, 'IOT27', 3),
(118, 'IOT28', 3),
(119, 'IOT29', 3),
(120, 'MB01', 2),
(121, 'MB02', 2),
(122, 'MB03', 2),
(123, 'MB04', 2),
(124, 'MB05', 2),
(125, 'MB06', 2),
(126, 'MB07', 2),
(127, 'MB08', 2),
(128, 'MB09', 2),
(129, 'MB10', 2),
(130, 'MB11', 2),
(131, 'MB12', 2),
(132, 'MB13', 2),
(133, 'MB14', 2),
(134, 'MB15', 2),
(135, 'MB16', 2),
(136, 'MB17', 2),
(137, 'MB18', 2),
(138, 'MB19', 2),
(139, 'MB20', 2),
(140, 'MB21', 2),
(141, 'MB22', 2),
(142, 'MB23', 2),
(143, 'MB24', 2),
(144, 'MB25', 2),
(145, 'MB26', 2),
(146, 'MB27', 2),
(147, 'MB28', 2),
(148, 'MB29', 2),
(149, 'MB30', 2),
(150, 'MB31', 2),
(151, 'MB32', 2),
(152, 'MB33', 2),
(153, 'MB34', 2),
(154, 'MB35', 2),
(155, 'MB36', 2),
(156, 'MB37', 2),
(157, 'MB38', 2),
(158, 'MB39', 2),
(159, 'VD01', 5),
(160, 'VD02', 5),
(161, 'VD03', 5),
(162, 'VD04', 5),
(163, 'VD05', 5),
(164, 'VD06', 5),
(165, 'VD07', 5),
(166, 'VD08', 5),
(167, 'VD09', 5),
(168, 'VD10', 5),
(169, 'VD11', 5),
(170, 'VD12', 5),
(171, 'VD13', 5),
(172, 'VD14', 5),
(173, 'VD15', 5),
(174, 'VD16', 5),
(175, 'VD17', 5),
(176, 'VD18', 5),
(177, 'VD19', 5),
(178, 'VD20', 5),
(179, 'VD21', 5),
(180, 'VD22', 5),
(181, '333', 6),
(182, 'MS01', 7),
(183, 'MS02', 7),
(184, 'MS03', 7),
(185, 'MS04', 7),
(186, 'MS05', 7),
(187, 'MS06', 7),
(188, 'MS07', 7),
(189, 'MS08', 7),
(190, 'MS09', 7),
(191, 'MS10', 7),
(192, 'MS11', 7),
(193, 'MS12', 7),
(194, 'MS13', 7),
(195, 'MS14', 7),
(196, 'MS15', 7),
(197, 'MS16', 7),
(198, 'MS17', 7),
(199, 'MS18', 7),
(200, 'MS19', 7),
(201, 'MS20', 7),
(202, 'MS21', 7),
(203, 'MS22', 7),
(204, 'MS23', 7),
(205, 'MS24', 7),
(206, 'MS25', 7),
(207, 'MS26', 7),
(208, 'MS27', 7),
(209, 'MS28', 7),
(210, '024', 7),
(211, 'MS30', 7),
(212, 'MS31', 7),
(213, 'MS32', 7),
(214, 'MS33', 7),
(215, 'MS34', 7),
(216, 'MS35', 7),
(217, 'MS36', 7),
(218, 'MS37', 7),
(219, 'MS38', 7),
(220, 'MS39', 7),
(221, 'MS40', 7),
(222, 'MS41', 7),
(223, 'MS42', 7),
(224, 'MS43', 7),
(225, 'MS44', 7);

-- --------------------------------------------------------

--
-- Table structure for table `badge`
--

CREATE TABLE `badge` (
  `badge_id` bigint(20) NOT NULL,
  `enroll_id` int(11) NOT NULL,
  `badge_img_id` int(11) NOT NULL
) ENGINE=InnoDB DEFAULT CHARSET=utf8;

--
-- Dumping data for table `badge`
--

INSERT INTO `badge` (`badge_id`, `enroll_id`, `badge_img_id`) VALUES
(1, 3, 1),
(4, 4, 2),
(5, 5, 3),
(11, 10, 1),
(12, 13, 1),
(13, 15, 1),
(14, 17, 1),
(15, 18, 1),
(16, 20, 1),
(17, 21, 1),
(18, 22, 1),
(19, 23, 1),
(20, 24, 1),
(21, 25, 1),
(22, 26, 1),
(23, 28, 1),
(24, 29, 1),
(25, 30, 1),
(26, 32, 1),
(27, 33, 1),
(28, 34, 1),
(29, 35, 1),
(30, 36, 1),
(31, 37, 1),
(32, 39, 1),
(33, 42, 1),
(34, 44, 1),
(35, 45, 1),
(36, 46, 1),
(37, 47, 1),
(38, 48, 1),
(39, 49, 1),
(40, 50, 2),
(41, 52, 2),
(42, 54, 2),
(43, 55, 2),
(44, 57, 2),
(45, 60, 2),
(46, 62, 2),
(47, 63, 2),
(48, 68, 2),
(49, 69, 2),
(50, 70, 2),
(51, 71, 2),
(52, 74, 2),
(53, 77, 2),
(54, 79, 2),
(55, 80, 2),
(56, 82, 2),
(57, 83, 2),
(58, 84, 2),
(59, 85, 2),
(60, 88, 2),
(61, 89, 2),
(62, 92, 3),
(63, 95, 3),
(64, 97, 3),
(65, 98, 3),
(66, 100, 3),
(67, 101, 3),
(68, 103, 3),
(69, 104, 3),
(70, 106, 3),
(71, 108, 3),
(72, 109, 3),
(73, 110, 3),
(74, 111, 3),
(75, 115, 3),
(76, 116, 3),
(77, 119, 3),
(78, 120, 3),
(79, 122, 3),
(80, 123, 3),
(81, 124, 3),
(82, 125, 3),
(83, 128, 3),
(84, 129, 3),
(85, 130, 4),
(86, 134, 4),
(87, 135, 4),
(88, 136, 4),
(89, 137, 4),
(90, 138, 4),
(91, 140, 4),
(92, 141, 4),
(93, 142, 4),
(94, 143, 4),
(95, 144, 4),
(96, 145, 4),
(97, 146, 4),
(98, 147, 4),
(99, 148, 4),
(100, 150, 4),
(101, 151, 4),
(102, 152, 4),
(103, 153, 4),
(104, 154, 4),
(105, 155, 4),
(106, 156, 4),
(107, 157, 4),
(108, 159, 4),
(109, 160, 4),
(110, 161, 4),
(111, 162, 4),
(112, 163, 4),
(113, 165, 4),
(114, 166, 4),
(115, 167, 4),
(116, 168, 4),
(117, 169, 4),
(118, 170, 1),
(119, 171, 2),
(120, 172, 3),
(121, 173, 4),
(122, 174, 18),
(123, 175, 19),
(124, 176, 20),
(126, 178, 5),
(127, 179, 5),
(128, 180, 5),
(129, 181, 5),
(130, 183, 5),
(131, 184, 5),
(132, 188, 5),
(133, 190, 5),
(134, 193, 5),
(135, 194, 5),
(136, 196, 5),
(137, 197, 5),
(138, 198, 5),
(139, 199, 5),
(140, 201, 5),
(141, 202, 5),
(142, 203, 5),
(143, 204, 5),
(144, 205, 5),
(145, 208, 5),
(146, 209, 5),
(147, 210, 6),
(148, 211, 6),
(149, 213, 6),
(150, 215, 6),
(151, 216, 6),
(152, 217, 6),
(153, 220, 6),
(154, 222, 6),
(155, 225, 6),
(156, 226, 6),
(157, 227, 6),
(158, 228, 6),
(159, 229, 6),
(160, 231, 6),
(161, 233, 6),
(162, 234, 6),
(163, 235, 6),
(164, 237, 6),
(165, 240, 6),
(166, 241, 6),
(167, 242, 7),
(168, 243, 7),
(169, 244, 7),
(170, 245, 7),
(171, 247, 7),
(172, 248, 7),
(173, 249, 7),
(174, 251, 7),
(175, 252, 7),
(176, 253, 7),
(177, 254, 7),
(178, 255, 7),
(179, 256, 7),
(180, 257, 7),
(181, 258, 7),
(182, 259, 7),
(183, 260, 7),
(184, 261, 7),
(185, 262, 7),
(186, 263, 7),
(187, 265, 7),
(188, 266, 7),
(189, 267, 7),
(190, 268, 7),
(191, 269, 7),
(192, 272, 7),
(193, 273, 7),
(194, 275, 8),
(195, 277, 8),
(196, 279, 8),
(197, 280, 8),
(198, 281, 8),
(199, 283, 8),
(200, 285, 8),
(201, 286, 8),
(202, 287, 8),
(203, 289, 8),
(204, 290, 8),
(205, 291, 8),
(206, 292, 8),
(207, 293, 8),
(208, 294, 8),
(209, 295, 8),
(210, 297, 8),
(211, 298, 8),
(212, 299, 8),
(213, 301, 8),
(214, 304, 8),
(215, 305, 8),
(216, 307, 9),
(217, 308, 9),
(218, 310, 9),
(219, 312, 9),
(220, 313, 9),
(221, 314, 9),
(222, 316, 9),
(223, 317, 9),
(224, 318, 9),
(225, 322, 10),
(226, 323, 10),
(227, 325, 10),
(228, 327, 10),
(229, 328, 10),
(230, 329, 10),
(231, 331, 10),
(232, 333, 10),
(233, 334, 10),
(234, 337, 11),
(235, 342, 11),
(236, 343, 11),
(237, 344, 11),
(238, 346, 11),
(239, 347, 11),
(240, 348, 11),
(241, 351, 12),
(242, 352, 12),
(243, 357, 12),
(244, 358, 12),
(245, 359, 12),
(246, 361, 12),
(247, 362, 12),
(248, 363, 12),
(249, 364, 12),
(250, 365, 12),
(251, 366, 13),
(252, 367, 13),
(253, 368, 13),
(254, 369, 13),
(255, 370, 13),
(256, 371, 13),
(257, 372, 13),
(258, 373, 13),
(259, 374, 13),
(260, 375, 13),
(261, 376, 13),
(262, 377, 13),
(263, 378, 13),
(264, 379, 13),
(265, 380, 13),
(266, 382, 14),
(267, 388, 14),
(268, 392, 14),
(269, 395, 14),
(270, 404, 14),
(271, 405, 14),
(272, 410, 15),
(273, 411, 15),
(274, 412, 15),
(275, 413, 15),
(276, 417, 15),
(277, 419, 15),
(278, 421, 15),
(279, 424, 15),
(280, 430, 15),
(281, 432, 15),
(282, 433, 15),
(283, 434, 15),
(284, 440, 16),
(285, 448, 16),
(286, 450, 16),
(287, 451, 16),
(288, 453, 16),
(289, 461, 16),
(290, 462, 16),
(291, 463, 16),
(292, 469, 17),
(293, 471, 17),
(294, 475, 17),
(295, 477, 17),
(296, 478, 17),
(297, 479, 17),
(298, 480, 17),
(299, 481, 17),
(300, 482, 17),
(301, 490, 17),
(302, 491, 17),
(303, 492, 17),
(304, 496, 17),
(344, 497, 18),
(345, 498, 18),
(346, 499, 18),
(347, 501, 18),
(348, 502, 18),
(349, 504, 18),
(350, 505, 18),
(351, 506, 18),
(352, 509, 18),
(353, 513, 18),
(354, 514, 18),
(355, 518, 18),
(356, 519, 18),
(357, 523, 18),
(358, 532, 18),
(359, 536, 19),
(360, 537, 19),
(361, 538, 19),
(362, 540, 19),
(363, 541, 19),
(364, 543, 19),
(365, 544, 19),
(366, 545, 19),
(367, 552, 19),
(368, 553, 19),
(369, 557, 19),
(370, 571, 19),
(371, 575, 20),
(372, 576, 20),
(373, 577, 20),
(374, 578, 20),
(375, 579, 20),
(376, 580, 20),
(377, 581, 20),
(378, 582, 20),
(379, 583, 20),
(380, 584, 20),
(381, 585, 20),
(382, 586, 20),
(383, 587, 20),
(384, 588, 20),
(385, 589, 20),
(386, 590, 20),
(387, 591, 20),
(388, 592, 20),
(389, 595, 20),
(390, 596, 20),
(391, 597, 20),
(392, 598, 20),
(393, 599, 20),
(394, 600, 20),
(395, 601, 20),
(396, 602, 20),
(397, 603, 20),
(398, 608, 20),
(399, 609, 20),
(400, 610, 20),
(401, 611, 20),
(402, 612, 20),
(403, 613, 20),
(404, 614, 21),
(405, 615, 21),
(406, 616, 21),
(407, 617, 21),
(408, 618, 21),
(409, 619, 21),
(410, 620, 21),
(411, 621, 21),
(412, 622, 21),
(413, 623, 21),
(414, 624, 21),
(415, 625, 21),
(416, 626, 21),
(417, 627, 21),
(418, 628, 21),
(419, 629, 21),
(420, 630, 21),
(421, 631, 21),
(422, 634, 21),
(423, 635, 21),
(424, 636, 21),
(425, 637, 21),
(426, 638, 21),
(427, 639, 21),
(428, 640, 21),
(429, 641, 21),
(430, 647, 21),
(431, 648, 21),
(432, 649, 21),
(433, 650, 21),
(434, 651, 21),
(435, 652, 21),
(436, 653, 26),
(437, 654, 26),
(438, 657, 26),
(439, 659, 26),
(440, 660, 26),
(441, 665, 26),
(442, 675, 27),
(443, 676, 27),
(444, 679, 27),
(445, 681, 27),
(446, 682, 27),
(447, 687, 27),
(448, 697, 28),
(449, 698, 28),
(450, 701, 28),
(451, 703, 28),
(452, 704, 28),
(453, 709, 28),
(454, 719, 29),
(455, 720, 29),
(456, 723, 29),
(457, 725, 29),
(458, 726, 29),
(459, 731, 29),
(460, 743, 22),
(461, 746, 22),
(462, 755, 22),
(463, 760, 22),
(464, 762, 22),
(465, 763, 22),
(466, 767, 22),
(467, 779, 22),
(550, 785, 23),
(551, 786, 23),
(552, 787, 23),
(553, 788, 23),
(554, 789, 23),
(555, 790, 23),
(556, 791, 23),
(557, 792, 23),
(558, 793, 23),
(559, 794, 23),
(560, 795, 23),
(561, 796, 23),
(562, 798, 23),
(563, 799, 23),
(564, 800, 23),
(565, 802, 23),
(566, 803, 23),
(567, 804, 23),
(568, 806, 23),
(569, 807, 23),
(570, 808, 23),
(571, 809, 23),
(572, 810, 23),
(573, 811, 23),
(574, 812, 23),
(575, 813, 23),
(576, 814, 23),
(577, 815, 23),
(578, 816, 23),
(579, 817, 23),
(580, 819, 23),
(581, 820, 23),
(582, 823, 23),
(583, 824, 23),
(584, 825, 23),
(585, 826, 23),
(586, 828, 23),
(587, 829, 24),
(588, 832, 24),
(589, 836, 24),
(590, 850, 24),
(591, 851, 24),
(592, 856, 24),
(593, 859, 24),
(594, 867, 24),
(595, 873, 25),
(596, 874, 25),
(597, 875, 25),
(598, 876, 25),
(599, 877, 25),
(600, 878, 25),
(601, 879, 25),
(602, 880, 25),
(603, 881, 25),
(604, 882, 25),
(605, 883, 25),
(606, 884, 25),
(607, 886, 25),
(608, 887, 25),
(609, 888, 25),
(610, 890, 25),
(611, 891, 25),
(612, 892, 25),
(613, 894, 25),
(614, 895, 25),
(615, 896, 25),
(616, 897, 25),
(617, 898, 25),
(618, 899, 25),
(619, 900, 25),
(620, 901, 25),
(621, 902, 25),
(622, 903, 25),
(623, 904, 25),
(624, 905, 25),
(625, 907, 25),
(626, 908, 25),
(627, 911, 25),
(628, 912, 25),
(629, 913, 25),
(630, 914, 25),
(631, 916, 25);

-- --------------------------------------------------------

--
-- Table structure for table `badge_img`
--

CREATE TABLE `badge_img` (
  `badge_img_id` int(11) NOT NULL,
  `badge_img_name` varchar(100) NOT NULL
) ENGINE=InnoDB DEFAULT CHARSET=utf8;

--
-- Dumping data for table `badge_img`
--

INSERT INTO `badge_img` (`badge_img_id`, `badge_img_name`) VALUES
(1, 'BIA1.png'),
(2, 'BIA2.png'),
(3, 'BIA3.png'),
(4, 'BIA4.png'),
(5, 'CC1.png'),
(6, 'CC2.png'),
(7, 'CC3.png'),
(8, 'CC4.png'),
(9, 'DIM1.png'),
(10, 'DIM2.png'),
(11, 'DIM3.png'),
(12, 'DIM4.png'),
(13, 'DIM5.png'),
(14, 'IOT1.png'),
(15, 'IOT2.png'),
(16, 'IOT3.png'),
(17, 'IOT4.png'),
(18, 'MOBILE1.png'),
(19, 'MOBILE2.png'),
(20, 'MOBILE3.png'),
(21, 'MOBILE4.png'),
(22, 'MS1.png'),
(23, 'MS2.png'),
(24, 'MS3.png'),
(25, 'MS4.png'),
(26, 'VD1.png'),
(27, 'VD2.png'),
(28, 'VD3.png'),
(29, 'VD4.png'),
(30, 'BEGINNER.png'),
(31, 'INTERMEDIATE.png'),
(32, 'ADVANCED.png'),
(33, 'SPECIALIST.png'),
(34, 'EXPERT.png');

-- --------------------------------------------------------

--
-- Table structure for table `cert`
--

CREATE TABLE `cert` (
  `cert_id` bigint(20) NOT NULL,
  `cert_name_en` varchar(500) NOT NULL,
  `cert_name_th` varchar(500) NOT NULL,
  `cert_img` varchar(100) DEFAULT NULL,
  `cert_type_id` int(11) NOT NULL
) ENGINE=InnoDB DEFAULT CHARSET=utf8;

--
-- Dumping data for table `cert`
--

INSERT INTO `cert` (`cert_id`, `cert_name_en`, `cert_name_th`, `cert_img`, `cert_type_id`) VALUES
(1, 'Certificate in Business Insight Analytics', 'สัมฤทธิบัตรการวิเคราะห์ข้อมูลเชิงลึกทางธุรกิจ', 'Certificate-Digitech-TEMPLATE-blank.jpg', 4),
(2, 'Certificate in Mobile Application', 'สัมฤทธิบัตรโปรแกรมประยุกต์บนอุปกรณ์เคลื่อนที่', 'Certificate-Digitech-TEMPLATE-blank.jpg', 4),
(3, 'Certificate in Internet of Things', 'สัมฤทธิบัตรอินเทอร์เน็ตของสรรพสิ่ง', 'Certificate-Digitech-TEMPLATE-blank.jpg', 4),
(4, 'Certificate in Digital Information Management', 'สัมฤทธิบัตรการจัดการสารสนเทศดิจิทัล', 'Certificate-Digitech-TEMPLATE-blank.jpg', 4),
(5, 'Certificate in Visual Design for Digital Media', 'สัมฤทธิบัตรการออกแบบวิชวลสำหรับสื่อดิจิทัล', 'Certificate-Digitech-TEMPLATE-blank.jpg', 4),
(6, 'Certificate in Online Content Creation', 'สัมฤทธิบัตรการสร้างสรรค์เนื้อหาออนไลน์', 'Certificate-Digitech-TEMPLATE-blank.jpg', 4),
(7, 'Certificate in Modern Software Project Management', 'สัมฤทธิบัตรการจัดการโครงการซอฟต์แวร์สมัยใหม่', 'Certificate-Digitech-TEMPLATE-blank.jpg', 4),
(8, 'Certificate in Comprehensive Research-Oriented Digital Technology', 'สัมฤทธิบัตรเทคโนโลยีดิจิทัลเชิงวิจัยแบบครอบคลุม', 'Certificate-Digitech-TEMPLATE-blank.jpg', 4),
(9, 'Certificate in Artificial Intelligence\r\n', 'สัมฤทธิบัตรปัญญาประดิษฐ์\r\n\r\n', 'Certificate-Digitech-TEMPLATE-blank.jpg', 4),
(10, 'Certificate in Digital Transformation', 'สัมฤทธิบัตรการเปลี่ยนผ่านสู่ดิจิทัล', 'Certificate-Digitech-TEMPLATE-blank.jpg\r\n', 4),
(11, 'Certificate in Enterprise Information Management\r\n', 'สัมฤทธิบัตรการบริหารจัดการข้อมูลองค์กร', 'Certificate-Digitech-TEMPLATE-blank.jpg', 4),
(12, 'Certificate in Knowledge Management', 'สัมฤทธิบัตรการจัดการความรู้\r\n', 'Certificate-Digitech-TEMPLATE-blank.jpg\r\n', 4),
(13, 'Certificate in Digital Learning', 'สัมฤทธิบัตรการเรียนรู้ดิจิทัล\r\n', 'Certificate-Digitech-TEMPLATE-blank.jpg\r\n', 4),
(14, 'Certificate in Animation Technology', 'สัมฤทธิบัตรเทคโนโลยีแอนิเมชัน\r\n', 'Certificate-Digitech-TEMPLATE-blank.jpg\r\n', 4),
(15, 'Certificate in User Interface Design\r\n', 'สัมฤทธิบัตรการออกแบบส่วนต่อประสานกับผู้ใช้', 'Certificate-Digitech-TEMPLATE-blank.jpg', 4),
(16, 'Certificate in User Experience Design\r\n', 'สัมฤทธิบัตรการออกแบบประสบการณ์ผู้ใช้\r\n', 'Certificate-Digitech-TEMPLATE-blank.jpg\r\n', 4),
(17, 'Certificate in Digital Media Business and Entrepreneurs Administration', 'สัมฤทธิบัตรการบริหารธุรกิจสื่อดิจิทัลและผู้ประกอบการ\r\n', 'Certificate-Digitech-TEMPLATE-blank.jpg', 4),
(18, 'Certificate in Special Modules in Emerging Digital Technology I\r\n', 'สัมฤทธิบัตรพิเศษเกี่ยวกับเทคโนโลยีดิจิทัลอุบัติใหม่ 1\r\n', 'Certificate-Digitech-TEMPLATE-blank.jpg\r\n', 4),
(19, 'Certificate in Special Modules in Emerging Digital Technology II', 'สัมฤทธิบัตรพิเศษเกี่ยวกับเทคโนโลยีดิจิทัลอุบัติใหม่ 2\r\n', 'Certificate-Digitech-TEMPLATE-blank.jpg\r\n', 4),
(20, 'Certificate in Special Modules in Emerging Digital Technology III', 'สัมฤทธิบัตรพิเศษเกี่ยวกับเทคโนโลยีดิจิทัลอุบัติใหม่ 3\r\n', 'Certificate-Digitech-TEMPLATE-blank.jpg\r\n', 4),
(21, 'Certificate in Computer Network and Information Security\r\n', 'สัมฤทธิบัตรการรักษาความมั่นคงปลอดภัยเครือข่ายและสารสนเทศ', 'Certificate-Digitech-TEMPLATE-blank.jpg\r\n', 4),
(22, 'Certificate in Modern Software Project Management\r\nModule', 'สัมฤทธิบัตรการจัดการโครงการซอฟต์แวร์สมัยใหม่\r\n', 'Certificate-Digitech-TEMPLATE-blank.jpg', 5),
(23, 'Certificate in Comprehensive Research-Oriented Digital Technology', 'สัมฤทธิบัตรเทคโนโลยีดิจิทัลเชิงวิจัยแบบครอบคลุม', 'Certificate-Digitech-TEMPLATE-blank.jpg', 5),
(24, 'Certificate in Modern Software Project Management\r\n', 'สัมฤทธิบัตรการจัดการโครงการซอฟต์แวร์สมัยใหม่', 'Certificate-Digitech-TEMPLATE-blank.jpg', 5),
(25, 'Certificate in Mobile Application\r\n', 'สัมฤทธิบัตรโปรแกรมประยุกต์บนอุปกรณ์เคลื่อนที่', 'Certificate-Digitech-TEMPLATE-blank.jpg', 5),
(26, 'Certificate inInternet of Things', 'สัมฤทธิบัตรอินเทอร์เน็ตของสรรพสิ่ง', 'Certificate-Digitech-TEMPLATE-blank.jpg', 5),
(27, 'Certificate in Artificial Intelligence\r\n', 'สัมฤทธิบัตรปัญญาประดิษฐ์\r\n', 'Certificate-Digitech-TEMPLATE-blank.jpg', 5),
(28, 'Certificate in Business Insight Analytics\r\n', 'สัมฤทธิบัตรการวิเคราะห์ข้อมูลเชิงลึกทางธุรกิจ\r\n', 'Certificate-Digitech-TEMPLATE-blank.jpg', 5),
(29, 'Certificate in Digital Transformation\r\n', 'สัมฤทธิบัตรการเปลี่ยนผ่านสู่ดิจิทัล\r\n', 'Certificate-Digitech-TEMPLATE-blank.jpg', 5),
(30, 'Certificate in Enterprise Information Management\r\n', 'สัมฤทธิบัตรการบริหารจัดการข้อมูลองค์กร', 'Certificate-Digitech-TEMPLATE-blank.jpg', 5),
(31, 'Certificate in Knowledge Management', 'สัมฤทธิบัตรการจัดการความรู้\r\n', 'Certificate-Digitech-TEMPLATE-blank.jpg', 5),
(32, 'Certificate in Digital Information Management', 'สัมฤทธิบัตรการจัดการสารสนเทศดิจิทัล', 'Certificate-Digitech-TEMPLATE-blank.jpg', 5),
(33, 'Certificate in Digital Learning', 'สัมฤทธิบัตรการเรียนรู้ดิจิทัล', 'Certificate-Digitech-TEMPLATE-blank.jpg', 5),
(34, 'Certificate in Visual Design for Digital Media\r\n', 'สัมฤทธิบัตรการออกแบบวิชวลสำหรับสื่อดิจิทัล', 'Certificate-Digitech-TEMPLATE-blank.jpg', 5),
(35, 'Certificate in Online Content Creation\r\n', 'สัมฤทธิบัตรการสร้างสรรค์เนื้อหาออนไลน์\r\n', 'Certificate-Digitech-TEMPLATE-blank.jpg', 5),
(36, 'Certificate in Animation Technology', 'สัมฤทธิบัตรเทคโนโลยีแอนิเมชัน\r\n', 'Certificate-Digitech-TEMPLATE-blank.jpg', 5),
(37, 'Certificate in User Interface Design', 'สัมฤทธิบัตรการออกแบบส่วนต่อประสานกับผู้ใช้\r\n', 'Certificate-Digitech-TEMPLATE-blank.jpg', 5),
(38, 'Certificate in User Experience Design', 'สัมฤทธิบัตรการออกแบบประสบการณ์ผู้ใช้\r\n', 'Certificate-Digitech-TEMPLATE-blank.jpg', 5),
(39, 'Certificate in Digital Media Business and Entrepreneurs Administration\r\n', 'สัมฤทธิบัตรการบริหารธุรกิจสื่อดิจิทัลและผู้ประกอบการ', 'Certificate-Digitech-TEMPLATE-blank.jpg', 5),
(40, 'Certificate in Special Modules in Emerging Digital Technology III', 'สัมฤทธิบัตรพิเศษเกี่ยวกับเทคโนโลยีดิจิทัลอุบัติใหม่ 3', 'Certificate-Digitech-TEMPLATE-blank.jpg', 5),
(41, 'Certificate in Special Modules in Emerging Digital Technology I\r\n', 'สัมฤทธิบัตรพิเศษเกี่ยวกับเทคโนโลยีดิจิทัลอุบัติใหม่ 1\r\n', 'Certificate-Digitech-TEMPLATE-blank.jpg', 5),
(42, 'Certificate in Special Modules in Emerging Digital Technology II', 'สัมฤทธิบัตรพิเศษเกี่ยวกับเทคโนโลยีดิจิทัลอุบัติใหม่ 2', 'Certificate-Digitech-TEMPLATE-blank.jpg', 5),
(43, 'Certificate in Ph.D. Research-Oriented Digital Technology', 'สัมฤทธิบัตรเทคโนโลยีดิจิทัลเชิงวิจัยสำหรับดุษฎีบัณฑิต', 'Certificate-Digitech-TEMPLATE-blank.jpg', 5),
(44, 'Certificate in Computer Network and Information Security', 'สัมฤทธิบัตรการรักษาความมั่นคงปลอดภัยเครือข่ายและสารสนเทศ\r\n', 'Certificate-Digitech-TEMPLATE-blank.jpg', 5),
(67, 'Certificate in Digital Technology Administration', 'สัมฤทธิบัตรการบริหารเทคโนโลยีดิจิทัล', 'Certificate-Digitech-TEMPLATE-blank.jpg', 2),
(68, 'Certificate in Introduction to Software Developer Professionals', 'สัมฤทธิบัตรความรู้เบื้องต้นเกี่ยวกับวิชาชีพนักพัฒนาซอฟต์แวร์\r\n', 'Certificate-Digitech-TEMPLATE-blank.jpg', 2),
(69, 'Certificate in Digital Media and Business', 'สัมฤทธิบัตรสื่อดิจิทัลและธุรกิจ', 'Certificate-Digitech-TEMPLATE-blank.jpg', 2),
(70, 'Certificate in Visual Message Design', 'สัมฤทธิบัตรการออกแบบทัศนสาร', 'Certificate-Digitech-TEMPLATE-blank.jpg', 2),
(71, 'Certificate in Transmedia Production', 'สัมฤทธิบัตรการผลิตข้ามสื่อ', 'Certificate-Digitech-TEMPLATE-blank.jpg', 2),
(72, 'Certificate in Multimedia and Animation Production', 'สัมฤทธิบัตรการผลิตสื่อประสมและแอนิเมชัน', 'Certificate-Digitech-TEMPLATE-blank.jpg', 2),
(73, 'Certificate in 3D Animation Production', 'สัมฤทธิบัตรการผลิตแอนิเมชัน 3 มิต', 'Certificate-Digitech-TEMPLATE-blank.jpg', 2),
(74, 'Certificate in English for Digital Communication Professionals', 'สัมฤทธิบัตรภาษาอังกฤษสําหรับวิชาชีพนิเทศศาสตร์ดิจิทัล', 'Certificate-Digitech-TEMPLATE-blank.jpg', 2),
(75, 'Certificate in Project in Digital Communication', 'สัมฤทธิบัตรโครงงานนิเทศศาสตร์ดิจิทัล', 'Certificate-Digitech-TEMPLATE-blank.jpg', 2),
(76, 'Certificate in Digital Content Writing\r\n', 'สัมฤทธิบัตรการเขียนเนื้อหาดิจิทัล', 'Certificate-Digitech-TEMPLATE-blank.jpg', 3),
(77, 'Certificate in Digital Marketing Communication', 'สัมฤทธิบัตรการสื่อสารการตลาดดิจิทัล', 'Certificate-Digitech-TEMPLATE-blank.jpg', 3),
(78, 'Certificate in User Experience Design', 'สัมฤทธิบัตรการออกแบบประสบการณ์ผู้ใช้', 'Certificate-Digitech-TEMPLATE-blank.jpg', 3),
(79, 'Certificate in Advanced Digital Media Production', 'สัมฤทธิบัตรการผลิตสื่อดิจิทัลขั้นสูง ', 'Certificate-Digitech-TEMPLATE-blank.jpg', 3),
(80, 'Certificate in Integrated Digital Media Production', 'สัมฤทธิบัตรการผลิตสื่อดิจิทัลแบบบูรณาการ ', 'Certificate-Digitech-TEMPLATE-blank.jpg', 3),
(81, 'Certificate in On-line News Production', 'สัมฤทธิบัตรการผลิตข่าวออนไลน์\r\n', 'Certificate-Digitech-TEMPLATE-blank.jpg', 3),
(82, 'Certificate in Object-Oriented Programming and Data Structures', 'สัมฤทธิบัตรการเขียนโปรแกรมเชิงอ็อบเจกตและโครงสร้างข้อมูล', 'Certificate-Digitech-TEMPLATE-blank.jpg', 3),
(83, 'Certificate in Computer Game Design and Development', 'สัมฤทธิบัตรการออกแบบและพัฒนาเกมคอมพิวเตอร์\r\n', 'Certificate-Digitech-TEMPLATE-blank.jpg', 3),
(84, 'Certificate in Application Development with Scripting Language', 'การพัฒนาโปรแกรมประยุกต์ด้วยภาษาสคริปต์', 'Certificate-Digitech-TEMPLATE-blank.jpg', 3),
(85, 'Certificate in Media Management for Social Engagement', 'สัมฤทธิบัตรการจัดการสื่อเพื่อพันธกิจทางสังคม', 'Certificate-Digitech-TEMPLATE-blank.jpg', 3),
(86, 'Certificate in Human-Centered Digital Media Production', 'สัมฤทธิบัตรการผลิตสื่อดิจิทัลที่มีผู้ใช้เป็นศูนย์กลาง', 'Certificate-Digitech-TEMPLATE-blank.jpg', 3),
(87, 'Certificate in Digital Communication Research', 'สัมฤทธิบัตรการวิจัยทางนิเทศศาสตร์ดิจิทัล', 'Certificate-Digitech-TEMPLATE-blank.jpg', 3),
(89, 'Certificate in Introduction to Data Science Professionals ', 'สัมฤทธิบัตรความรู้บื้องต้นเกี่ยวกับวิชาชีพนักวิทยาการข้อมูล', 'Certificate-Digitech-TEMPLATE-blank.jpg', 2),
(90, 'Certificate in English for Digital Technology Professionals ', 'สัมฤทธิบัตรภาษาอังกฤษสําหรับวิชาชีพเทคโนโลยีดิจิทัล', 'Certificate-Digitech-TEMPLATE-blank.jpg', 2),
(91, 'Certificate in Project in Digital Technology ', 'สัมฤทธิบัตรโครงงานเทคโนโลยีดิจิทัล', 'Certificate-Digitech-TEMPLATE-blank.jpg', 2),
(92, 'Certificate in User Centered Design for Interactive Technologies ', 'สัมฤทธิบัตรการออกแบบเทคโนโลยีปฏิสัมพันธ์ที่มีผู้ใช้เป็นศูนย์กลาง', 'Certificate-Digitech-TEMPLATE-blank.jpg', 3),
(93, 'Certificate in Cross-Platform Application Development ', 'สัมฤทธิบัตรการพัฒนาโปรแกรมประยุกต์ข้ามแพลตฟอร์ม', 'Certificate-Digitech-TEMPLATE-blank.jpg', 3),
(94, 'Certificate in Android Application Development \r\n', 'สัมฤทธิบัตรการพัฒนาโปรแกรมประยุกต์แอนดรอยด์', 'Certificate-Digitech-TEMPLATE-blank.jpg', 3),
(95, 'Certificate in IOS Application Development ', 'สัมฤทธิบัตรการพัฒนาโปรแกรมประยุกต์ไอโอเอส\r\n', 'Certificate-Digitech-TEMPLATE-blank.jpg', 3),
(96, 'Certificate in Internet of Thing', 'สัมฤทธิบัตรอินเทอร์เน็ตของสรรพสิ่ง', 'Certificate-Digitech-TEMPLATE-blank.jpg', 3),
(97, 'Certificate in Information System Analysis and Design ', 'สัมฤทธิบัตรการวิเคราะห์และออกแบบระบบสารสนเทศ', 'Certificate-Digitech-TEMPLATE-blank.jpg', 3),
(98, 'Certificate in Software Engineering ', 'สัมฤทธิบัตรวิศวกรรมซอฟต์แวร์\r\n', 'Certificate-Digitech-TEMPLATE-blank.jpg', 3),
(99, 'Certificate in Database Administration ', 'สัมฤทธิบัตรการบริหารฐานข้อมูล', 'Certificate-Digitech-TEMPLATE-blank.jpg', 3),
(100, 'Certificate in Network Administration', 'สัมฤทธิบัตรการบริหารเครือข่าย\r\n', 'Certificate-Digitech-TEMPLATE-blank.jpg', 3),
(101, 'Certificate in System Administration \r\n', 'สัมฤทธิบัตรการบริหารระบบ', 'Certificate-Digitech-TEMPLATE-blank.jpg', 3),
(102, 'Certificate in Cyber Security ', 'สัมฤทธิบัตรความมั่นคงปลอดภัยทางไซเบอร์', 'Certificate-Digitech-TEMPLATE-blank.jpg', 3),
(103, 'Certificate in Blockchain and Cryptocurrency', 'สัมฤทธิบัตรบล็อกเชนและสกุลเงินดิจิทัล', 'Certificate-Digitech-TEMPLATE-blank.jpg', 3),
(104, 'Certificate in Digital Transformation ', 'สัมฤทธิบัตรการปรับเปลี่ยนองค์กรเข้าสู่ความเป็นดิจิทัล', 'Certificate-Digitech-TEMPLATE-blank.jpg', 3),
(105, 'Certificate in Big Data Technology ', 'สัมฤทธิบัตรเทคโนโลยีข้อมูลขนาดใหญ่', 'Certificate-Digitech-TEMPLATE-blank.jpg', 3),
(106, 'Certificate in Data Engineering ', 'สัมฤทธิบัตรวิศวกรรมข้อมูล', 'Certificate-Digitech-TEMPLATE-blank.jpg', 3),
(107, 'Certificate in Statistics for Data Analytics ', 'สัมฤทธิบัตรสถิติเพื่อการวิเคราะห์ข้อมูล', 'Certificate-Digitech-TEMPLATE-blank.jpg', 3),
(108, 'Certificate in Knowledge Discovery in Database', 'สัมฤทธิบัตรการค้นพบความรู้จากฐานข้อมูล', 'Certificate-Digitech-TEMPLATE-blank.jpg', 3),
(109, 'Certificate in Aritificial Intelligence for Data Analytics ', 'สัมฤทธิบัตรปัญญาประดิษฐ์สําหรับการวิเคราะห์ข้อมูล\r\n', 'Certificate-Digitech-TEMPLATE-blank.jpg', 3),
(110, 'Certificate in Business Intelligence and Information Visualization ', 'สัมฤทธิบัตรธุรกิจอัจฉริยะและการจินตทัศน์สารสนเทศ', 'Certificate-Digitech-TEMPLATE-blank.jpg', 3),
(111, 'Certificate in Business Insights and Data Analytics ', 'สัมฤทธิบัตรธุรกิจเชิงลึกและการวิเคราะห์ข้อมูล', 'Certificate-Digitech-TEMPLATE-blank.jpg', 3),
(112, 'Certificate in Metadata Management ', 'สัมฤทธิบัตรการบริหารจัดการเมทาดาทา', 'Certificate-Digitech-TEMPLATE-blank.jpg', 3),
(113, 'Certificate in Digital Repository and Library Technology ', 'สัมฤทธิบัตรคลังข้อมูลดิจิทัลและเทคโนโลยีห้องสมุด', 'Certificate-Digitech-TEMPLATE-blank.jpg', 3),
(114, 'Certificate in Knowledge Management ', 'สัมฤทธิบัตรการจัดการความรู้', 'Certificate-Digitech-TEMPLATE-blank.jpg', 3),
(115, 'Certificate in Data Curation ', 'สัมฤทธิบัตรการดูแลรักษาข้อมูลดิจิทัล', 'Certificate-Digitech-TEMPLATE-blank.jpg', 3),
(116, 'Certificate in Information Organization and Analysis ', 'สัมฤทธิบัตรการจัดระบบและการวิเคราะห์สารสนเทศ', 'Certificate-Digitech-TEMPLATE-blank.jpg', 3),
(117, 'Certificate in Information Service Management ', 'สัมฤทธิบัตรการจัดการบริการสารสนเทศ', 'Certificate-Digitech-TEMPLATE-blank.jpg', 3),
(118, 'Certificate in Office Information Management', 'สัมฤทธิบัตรการจัดการสารสนเทศสํานักงาน', 'Certificate-Digitech-TEMPLATE-blank.jpg', 3);

-- --------------------------------------------------------

--
-- Table structure for table `cert_of_student`
--

CREATE TABLE `cert_of_student` (
  `id` bigint(20) NOT NULL,
  `std_id` varchar(11) NOT NULL,
  `cert_id` bigint(20) NOT NULL,
  `cert_type_id` int(11) NOT NULL,
  `cert_approve` varchar(100) NOT NULL DEFAULT 'Digitech @ SUT',
  `cert_date` timestamp NOT NULL DEFAULT current_timestamp()
) ENGINE=InnoDB DEFAULT CHARSET=utf8;

--
-- Dumping data for table `cert_of_student`
--

INSERT INTO `cert_of_student` (`id`, `std_id`, `cert_id`, `cert_type_id`, `cert_approve`, `cert_date`) VALUES
(1, '111', 1, 4, 'DIGITECH, Suranaree University of Technology', '2020-04-08 17:00:00'),
(3, '006', 1, 4, 'DIGITECH, Suranaree University of Technology', '2020-04-08 17:00:00'),
(4, '008', 1, 4, 'DIGITECH, Suranaree University of Technology', '2020-04-08 17:00:00'),
(5, '011', 1, 4, 'DIGITECH, Suranaree University of Technology', '2020-04-08 17:00:00'),
(6, '014', 1, 4, 'DIGITECH, Suranaree University of Technology', '2020-04-08 17:00:00'),
(7, '019', 1, 4, 'DIGITECH, Suranaree University of Technology', '2020-04-08 17:00:00'),
(8, '021', 1, 4, 'DIGITECH, Suranaree University of Technology', '2020-04-08 17:00:00'),
(9, '030', 1, 4, 'DIGITECH, Suranaree University of Technology', '2020-04-08 17:00:00'),
(10, '033', 1, 4, 'DIGITECH, Suranaree University of Technology', '2020-04-08 17:00:00'),
(11, '036', 1, 4, 'DIGITECH, Suranaree University of Technology', '2020-04-08 17:00:00'),
(12, '039', 1, 4, 'DIGITECH, Suranaree University of Technology', '2020-04-08 17:00:00'),
(13, '040', 1, 4, 'DIGITECH, Suranaree University of Technology', '2020-04-08 17:00:00'),
(14, '333', 1, 4, 'DIGITECH, Suranaree University of Technology', '2020-04-08 17:00:00'),
(15, '333', 2, 4, 'DIGITECH, Suranaree University of Technology', '2020-08-31 17:00:00'),
(16, '042', 6, 4, 'DIGITECH, Suranaree University of Technology', '2020-04-08 17:00:00'),
(17, '044', 6, 4, 'DIGITECH, Suranaree University of Technology', '2020-04-08 17:00:00'),
(18, '046', 6, 4, 'DIGITECH, Suranaree University of Technology', '2020-04-08 17:00:00'),
(19, '047', 6, 4, 'DIGITECH, Suranaree University of Technology', '2020-04-08 17:00:00'),
(20, '053', 6, 4, 'DIGITECH, Suranaree University of Technology', '2020-04-08 17:00:00'),
(21, '056', 6, 4, 'DIGITECH, Suranaree University of Technology', '2020-04-08 17:00:00'),
(22, '057', 6, 4, 'DIGITECH, Suranaree University of Technology', '2020-04-08 17:00:00'),
(23, '059', 6, 4, 'DIGITECH, Suranaree University of Technology', '2020-04-08 17:00:00'),
(24, '060', 6, 4, 'DIGITECH, Suranaree University of Technology', '2020-04-08 17:00:00'),
(25, '062', 6, 4, 'DIGITECH, Suranaree University of Technology', '2020-04-08 17:00:00'),
(26, '064', 6, 4, 'DIGITECH, Suranaree University of Technology', '2020-04-08 17:00:00'),
(27, '065', 6, 4, 'DIGITECH, Suranaree University of Technology', '2020-04-08 17:00:00'),
(28, '066', 6, 4, 'DIGITECH, Suranaree University of Technology', '2020-04-08 17:00:00'),
(29, '068', 6, 4, 'DIGITECH, Suranaree University of Technology', '2020-04-08 17:00:00'),
(30, '071', 6, 4, 'DIGITECH, Suranaree University of Technology', '2020-04-08 17:00:00'),
(31, '072', 6, 4, 'DIGITECH, Suranaree University of Technology', '2020-04-08 17:00:00'),
(47, 'DIM02', 4, 4, 'DIGITECH, Suranaree University of Technology', '2020-05-27 17:00:00'),
(48, 'DIM07', 4, 4, 'DIGITECH, Suranaree University of Technology', '2020-05-27 17:00:00'),
(49, 'DIM08', 4, 4, 'DIGITECH, Suranaree University of Technology', '2020-05-27 17:00:00'),
(50, 'DIM09', 4, 4, 'DIGITECH, Suranaree University of Technology', '2020-05-27 17:00:00'),
(51, 'DIM11', 4, 4, 'DIGITECH, Suranaree University of Technology', '2020-05-27 17:00:00'),
(52, 'DIM13', 4, 4, 'DIGITECH, Suranaree University of Technology', '2020-05-27 17:00:00'),
(53, 'IOT02', 3, 4, 'DIGITECH, Suranaree University of Technology', '2020-05-27 17:00:00'),
(54, 'IOT12', 3, 4, 'DIGITECH, Suranaree University of Technology', '2020-05-27 17:00:00'),
(55, 'IOT15', 3, 4, 'DIGITECH, Suranaree University of Technology', '2020-05-27 17:00:00'),
(56, 'IOT24', 3, 4, 'DIGITECH, Suranaree University of Technology', '2020-05-27 17:00:00'),
(57, 'IOT25', 3, 4, 'DIGITECH, Suranaree University of Technology', '2020-05-27 17:00:00'),
(58, 'MB01', 2, 4, 'DIGITECH, Suranaree University of Technology', '2020-05-27 17:00:00'),
(59, 'MB02', 2, 4, 'DIGITECH, Suranaree University of Technology', '2020-05-27 17:00:00'),
(60, 'MB03', 2, 4, 'DIGITECH, Suranaree University of Technology', '2020-05-27 17:00:00'),
(61, 'MB05', 2, 4, 'DIGITECH, Suranaree University of Technology', '2020-05-27 17:00:00'),
(62, 'MB06', 2, 4, 'DIGITECH, Suranaree University of Technology', '2020-05-27 17:00:00'),
(63, 'MB08', 2, 4, 'DIGITECH, Suranaree University of Technology', '2020-05-27 17:00:00'),
(64, 'MB09', 2, 4, 'DIGITECH, Suranaree University of Technology', '2020-05-27 17:00:00'),
(65, 'MB10', 2, 4, 'DIGITECH, Suranaree University of Technology', '2020-05-27 17:00:00'),
(66, 'MB17', 2, 4, 'DIGITECH, Suranaree University of Technology', '2020-05-27 17:00:00'),
(67, 'MB18', 2, 4, 'DIGITECH, Suranaree University of Technology', '2020-05-27 17:00:00'),
(68, 'MB22', 2, 4, 'DIGITECH, Suranaree University of Technology', '2020-05-27 17:00:00'),
(69, 'MB36', 2, 4, 'DIGITECH, Suranaree University of Technology', '2020-05-27 17:00:00'),
(70, 'VD01', 5, 4, 'DIGITECH, Suranaree University of Technology', '2020-05-27 17:00:00'),
(71, 'VD02', 5, 4, 'DIGITECH, Suranaree University of Technology', '2020-05-27 17:00:00'),
(72, 'VD05', 5, 4, 'DIGITECH, Suranaree University of Technology', '2020-05-27 17:00:00'),
(73, 'VD07', 5, 4, 'DIGITECH, Suranaree University of Technology', '2020-05-27 17:00:00'),
(74, 'VD08', 5, 4, 'DIGITECH, Suranaree University of Technology', '2020-05-27 17:00:00'),
(75, 'VD13', 5, 4, 'DIGITECH, Suranaree University of Technology', '2020-05-27 17:00:00'),
(76, 'MS22', 7, 4, 'DIGITECH, Suranaree University of Technology', '2020-09-08 17:00:00'),
(77, 'MS23', 7, 4, 'DIGITECH, Suranaree University of Technology', '2020-09-08 17:00:00'),
(78, 'MS39', 7, 4, 'DIGITECH, Suranaree University of Technology', '2020-09-08 17:00:00');

-- --------------------------------------------------------

--
-- Table structure for table `cert_type`
--

CREATE TABLE `cert_type` (
  `id` int(11) NOT NULL,
  `cert_type_name` varchar(50) NOT NULL,
  `badge_img_id` int(11) NOT NULL
) ENGINE=InnoDB DEFAULT CHARSET=utf8;

--
-- Dumping data for table `cert_type`
--

INSERT INTO `cert_type` (`id`, `cert_type_name`, `badge_img_id`) VALUES
(1, 'Beginner', 30),
(2, 'Intermediate', 31),
(3, 'Advanced', 32),
(4, 'Specialist', 33),
(5, 'Expert', 34);

-- --------------------------------------------------------

--
-- Table structure for table `course`
--

CREATE TABLE `course` (
  `course_id` bigint(20) NOT NULL,
  `course_name_th` varchar(100) DEFAULT NULL,
  `course_name_en` varchar(100) NOT NULL,
  `course_detail_th` text NOT NULL,
  `course_detail_en` text NOT NULL,
  `course_credit` int(11) NOT NULL DEFAULT 3,
  `course_score` int(11) NOT NULL DEFAULT 100,
  `badge_img_id` int(11) NOT NULL
) ENGINE=InnoDB DEFAULT CHARSET=utf8;

--
-- Dumping data for table `course`
--

INSERT INTO `course` (`course_id`, `course_name_th`, `course_name_en`, `course_detail_th`, `course_detail_en`, `course_credit`, `course_score`, `badge_img_id`) VALUES
(204440, 'การพัฒนาโปรแกรมประยุกต์บนเว็บ', 'Web Application Development', 'ความสำคัญ องค์ประกอบ  และสถาปัตยกรรมของการเขียนโปรแกรมบนเบราว์เซอร์ \r\nการสร้างเว็บเพจขั้นพื้นฐาน  การเขียนโปรแกรมบนเบราว์เซอร์แบบต่าง ๆ  วิธีการหาข้อผิดพลาดและการแก้ไขข้อผิดพลาดรวมทั้งการประยุกต์ใช้งานกับฐานข้อมูล \r\n', 'Significance, components and architecture of browser programming; fundamental web base development; types of browser programming;  methodology of finding and correcting errors and its applications to database', 2, 100, 18),
(204441, 'การพัฒนาโปรแกรมประยุกต์ข้ามแพลตฟอร์ม', 'Cross-Platform Application Development', 'ความรู้พื้นฐานเกี่ยวกับการพัฒนาโปรแกรมประยุกต์ข้ามแพลตฟอร์ม  สถาปัตยกรรมการพัฒนาข้ามแพลตฟอร์ม  การติดตั้งและใช้งานเฟรมเวิร์ค โปรแกรมประยุกต์แบบลูกผสม โปรแกรมประยุกต์บนเว็บแบบก้าวหน้า (พีดับเบิ้ลยูเอ) ส่วนติดต่อกับผู้ใช้ การเชื่อมต่อกับบริการ', 'Fundamental knowledge about cross-platform application development;  architecture for cross-platform development;  framework installation and usage;  hybrid application;  Progressive Web Application (PWA);  user interface;  interface with services', 3, 100, 19),
(204442, 'การคิดเชิงออกแบบ', 'Design Thinking', 'การคิดอย่างสร้างสรรค์ การตั้งโจทย์และการแก้ไขปัญหา การระดมความคิดและการออกแบบโดยผู้ใช้เป็นศูนย์กลาง การออกแบบประสบการณ์ผู้ใช้งานและส่วนต่อประสานกับผู้ใช้ การสร้างต้นแบบ การปรับใช้นวัตกรรมอย่างเหมาะสม การถอดบทเรียน ', 'Creative thinking; questioning and problem-solving; brainstorming and user-centered design; UX/UI design; prototyping; appropriate application of innovation; lesson learned', 2, 100, 20),
(204443, 'โครงงานโปรแกรมประยุกต์บนอุปกรณ์เคลื่อนที่', 'Project in Mobile Application', 'การออกแบบและพัฒนาโครงงานที่เกี่ยวข้องกับโปรแกรมประยุกต์บนอุปกรณ์เคลื่อนที่ การเข้าใจปัญหา การระบุปัญหา การสร้างสรรค์ความคิด การสร้างตัวแบบ การทดสอบ', 'Project design and development in mobile applications; empathize problems; define problems; creative thinking; prototype; test', 2, 100, 21),
(204444, 'การเขียนโปรแกรมเว็บเซอร์วิส', 'Web Service Programming', 'การออกแบบและพัฒนาเว็บไซต์  การเขียนโปรแกรมภาษาสคริปต์  รูปแบบสำหรับการแลกเปลี่ยนข้อมูลคอมพิวเตอร์  การเชื่อมต่อฐานข้อมูล  การสร้างเว็บเซอร์วิส  ', 'Website design and development; scripting language programming; format for computer data exchange; database connection; web service creation', 3, 100, 14),
(204445, 'ไมโครคอนโทรลเลอร์', 'Microcontroller', 'ความรู้พื้นฐานเกี่ยวกับอิเล็กทรอนิกส์ สัญญาณดิจิทัลและแอนะล็อก สถาปัตยกรรมไมโครคอนโทรเลอร์ การใช้งานตัวรับรู้และอุปกรณ์ การเขียนโปรแกรมในระบบฝังตัว ', 'Fundamental knowledge about electronics; digital and analog signals; microcontroller architecture; sensors and devices usage; embedded system programming', 2, 100, 15),
(204446, 'อินเทอร์เน็ตของสรรพสิ่ง', 'Internet of Things', 'ความรู้พื้นฐานเกี่ยวกับอินเทอร์เน็ตของสรรพสิ่ง มาตรฐานที่เกี่ยวข้อง ส่วนต่อประสานคลาวด์  โพรโทคอลสื่อสาร  การประยุกต์ใช้งาน', 'Fundamental knowledge about internet of things; relevant standards; cloud interface; communication protocols; internet of things applications', 2, 100, 16),
(204447, 'โครงงานนวัตกรรมจากการคิดเชิงออกแบบ', 'Innovative Project from Design Thinking', 'การออกแบบและพัฒนาโครงงานที่เกี่ยวข้องกับหลักสูตรที่ศึกษาด้วยกระบวนการคิดเชิงออกแบบ แนวคิดเกี่ยวกับการคิดเชิงออกแบบ การเข้าใจปัญหา การระบุปัญหา การสร้างสรรค์ความคิด การสร้างตัวแบบ การทดสอบ\r\n', 'Project design and development in the program of study using design thinking process; design thinking concept; empathize; define; creative thinking; prototype; test', 2, 100, 17),
(204448, 'ธุรกิจอัจฉริยะและจินตทัศน์สารสนเทศ', 'Business Intelligence and Information Visualization', 'แนวคิดเกี่ยวกับธุรกิจอัจฉริยะและจินตทัศน์สารสนเทศ ซึ่งประกอบไปด้วย กระบวนการตัดสินใจโดยการใช้ข้อมูล ประเภทและกระบวนการตัดสินใจ ลักษณะสารสนเทศสำหรับธุรกิจอัจฉริยะและเพื่อสนับสนุนการตัดสินใจ กรณีศึกษาธุรกิจอัจฉริยะและระบบสนับสนุนการตัดสินใจในองค์กร ระบบสารสนเทศสำหรับผู้จัดการระดับสูงและระบบผู้เชี่ยวชาญ ซอฟต์แวร์ด้านธุรกิจอัจฉริยะและระบบสนับสนุนการตัดสินใจ การกำหนดมุมมองการวิเคราะห์ การออกแบบจินตทัศน์สารสนเทศเพื่อสนับสนุนการตัดสินใจ การเล่าเรื่องราวด้วยข้อมูล แนวทางการพัฒนาระบบสนับสนุนการตัดสินใจ', 'Concepts of business intelligence and information visualization; data-driven decision making process, types and processes of decision making; information characteristics for business intelligence and decision making support, case studies of business intelligence and decision making support systems in organizations, executive information systems and expert systems, software of business intelligence and decision making support system, information visualization design, storytelling with data, business intelligence system implementation', 2, 100, 1),
(204449, 'คลังข้อมูลธุรกิจและวิศวกรรมข้อมูล', 'Business Data Warehousing and Data Engineering', 'แนวคิดเกี่ยวกับคลังข้อมูลธุรกิจและวิศวกรรมข้อมูล การออกแบบระบบคลังข้อมูลและสถาปัตยกรรมของระบบคลังข้อมูล เทคนิคด้านวิศวกรรมข้อมูล การออกแบบการบูรณาการข้อมูล สถาปัตยกรรมการบูรณาการข้อมูล แนวคิดการบูรณาการข้อมูลแบบการประมวลผลเชิงกลุ่มและการประมวลผลแบบเวลาจริง แนวคิดด้านคุณภาพข้อมูล และเทคนิคการทำความสะอาดข้อมูล', 'Concepts of data warehouse and data engineering; data warehouse concept and architecture, data warehouse design concept, data engineering techniques, data integration design and architecture, batch-processing and real-time data integration concepts, data quality concept and data cleansing techniques', 2, 100, 2),
(204450, 'ข้อมูลธุรกิจเชิงลึกและการวิเคราะห์ข้อมูล', 'Business Insights and Data Analytics', 'แนวคิดเกี่ยวกับข้อมูลธุรกิจเชิงลึกและการวิเคราะห์ข้อมูล ความสำคัญของข้อมูลธุรกิจเชิงลึก การนำข้อมูลธุรกิจเชิงลึกไปใช้ประโยชน์ คำถามที่นำไปสู่การค้นหาข้อมูลธุรกิจเชิงลึก กระบวนการวิเคราะห์ข้อมูล เทคนิคการวิเคราะห์ข้อมูล การออกแบบผลิตภัณฑ์ข้อมูล', 'Concepts of business insights and data analytics, importance of business insights, applications from business insights, insight-driven business questions, data analytics process, data analytics techniques, data product design', 3, 100, 3),
(204451, 'โครงงานนวัตกรรมจากการคิดเชิงออกแบบ', 'Innovative Project from Design Thinking', 'การออกแบบและพัฒนาโครงงานที่เกี่ยวข้องกับหลักสูตรที่ศึกษาด้วยกระบวนการคิดเชิงออกแบบ แนวคิดเกี่ยวกับการคิดเชิงออกแบบ การเข้าใจปัญหา การระบุปัญหา การสร้างสรรค์ความคิด การสร้างตัวแบบ การทดสอบ', 'Project design and development in the program of study using design thinking process; design thinking concept; empathize; define; creative thinking; prototype; test', 2, 100, 4),
(204453, 'การจัดระบบสารสนเทศดิจิทัล', 'Organization of Digital Information', 'แนวคิดและทฤษฎีในการจัดระบบสารสนเทศ แบบแผนและระบบการจัดระบบความรู้ การสร้างตัวแทนและการจัดระบบความรู้ การควบคุมการใช้คำศัพท์ ภาษาดรรชนี การปรับใช้เพื่อการสืบค้นสารสนเทศ	ดิจิทัล ', 'Concepts and theories of information organization; knowledge organization system and schemes; knowledge representation and organization; vocabulary control; index language; implications for digital information searching', 2, 100, 10),
(204454, 'เมทาเดทาสำหรับสารสนเทศดิจิทัล', 'Metadata for Digital Information', 'เมทาดาทาในยุคดิจิทัล ความหมาย หน้าที่ ประเภทของเมทาดาทา เค้าร่างเมทาดาทา แนวคิดและกระบวนการในการพัฒนาเมทาดาทา การปรับใช้เค้าร่างเมทาดาทาในชุมชนสารสนเทศที่แตกต่างกัน ออนโทโลยี มาตรฐานและเทคโนโลยีที่เกี่ยวข้อง', 'Metadata in the digital environment; definition; function; metadata schema; concept and development; implementation of metadata schemas in distinct information communities; ontologies; standards and related technologies', 2, 100, 11),
(204455, 'โปรแกรมประยุกต์สำหรับการจัดการสารสนเทศดิจิทัล', 'Application Programs for Digital Information', 'ความสำคัญและองค์ประกอบของโปรแกรมประยุกต์ กระบวนการเตรียมความพร้อมระบบคอมพิวเตอร์ก่อนการติดตั้งโปรแกรม การติดตั้งโปรแกรม การปรับแต่งส่วนต่อประสานกับผู้ใช้ ธีม ฟอร์มการลงรายการ การเลือกชุดเมทาดาทา การปรับแต่งองค์ประกอบเมทาดาทา การออกแบบและสร้างชุมชน คอลเล็กชั่นสอดคล้องกับบริบทการจัดเก็บและค้นคืนสารสนเทศดิจิทัล การทำรายการโดยใช้การกำหนดกระแสงานตามบทบาทผู้ใช้ การบำรุงรักษา ได้แก่ การสำรองข้อมูล และการส่งออกข้อมูลไปยังระบบอื่น', 'Significance and components of application programs; process of computer system preparation before installation; program installation; customize program’s user interface, themes; metadata set selection; refining metadata elements; community and collections design and creation related with contextual of digital information storage and retrieval; cataloging management uses work flow by user’s roles restriction; maintenance system: data backup restore features and data exporting to other systems', 2, 100, 12),
(204456, 'โครงงานนวัตกรรมจากการคิดเชิงออกแบบ', 'Innovative Project from Design Thinking', 'การออกแบบและพัฒนาโครงงานที่เกี่ยวข้องกับหลักสูตรที่ศึกษาด้วยกระบวนการคิดเชิงออกแบบ แนวคิดเกี่ยวกับการคิดเชิงออกแบบ การเข้าใจปัญหา การระบุปัญหา การสร้างสรรค์ความคิด การสร้างตัวแบบ การทดสอบ', 'Project design and development in the program of study using design thinking process; design thinking concept; empathize; define; creative thinking; prototype; test', 2, 100, 13),
(204457, 'หลักการออกแบบวิชวล', 'Principles of Visual Design', 'ความหมาย และความสําคัญของการออกแบบทัศนสาร กระบวนการออกแบบและการสรางทัศนสาร ไดแก การศึกษาคนควา การออกแบบแบบราง การทบทวนและปรับปรุง และการนําไปใช้ การถายภาพ การสื่อความหมายดวยภาพและตัวอักษร จริยธรรมในการออกแบบ', 'Definitions and significance of visual message design; process of visual message design and creation: study and research, outline design, revision and improvement, and running; photography, communication by photo and alphabet; code of ethics', 2, 100, 26),
(204458, 'เทคโนโลยีในการออกแบบวิชวล', 'Technology in Visual Design', 'การใช้เทคโนโลยีสมัยใหม่เพื่อการออกแบบและการผลิตวิชวล ด้วยระบบดิจิทัล ขั้นตอนก่อนการผลิต ขั้นตอนการผลิต และขั้นตอนหลังการผลิต การใช้โปรแกรมสําเร็จรูปเพื่อการออกแบบวิชวล ข้อดีและข้อจํากัดของแต่ละโปรแกรม การฝึกทักษะในการใช้เทคโนโลยีเพื่อการออกแบบวิชวล', 'Using up-to-date technologies for visual design and production in digital system; pre-production, production, and post-production processes; ready-to-use programs utilization for visual design; advantages and disadvantages of each program; hands-on practice by using technologies for visual design', 3, 100, 27),
(204459, 'การออกแบบวิชวลเพื่ออาชีพในยุคดิจิทัล', 'Visual Design for Careers in the Digital Age', 'การประยุกต์ใช้ทักษะในการออกแบบและการผลิตวิชวลในการประกอบอาชีพ ขั้นตอนกอนการผลิต ขั้นตอนการผลิต และขั้นตอนหลังการผลิตของการออกแบบวิชวลในอาชีพต่างๆ  ลักษณะเฉพาะของอาชีพในยุคดิจิทัลที่เกี่ยวกับวิชวล  ประสบการณ์จริงจากบริษัท ผู้ประกอบการและผู้ประกอบวิชาชีพ', 'Application of skills in visual design and production for careers; pre-production, production, and post-production processes of visual design in each career;  characteristics of each visual design related careers in the digital age; real experiences from enterprises, entrepreneurs, and professionals', 2, 100, 28),
(204460, 'โครงงานนวัตกรรมการสร้างสรรค์วิชวล', 'Innovative Visual Creation Project', 'การออกแบบและพัฒนาโครงงานที่เกี่ยวข้องกับหลักสูตรที่ศึกษา', 'Project design and development in the program of study', 2, 100, 29),
(204461, 'หลักการออกแบบและการสร้างสาร', 'Principles of Message Design and Creation', 'ความหมาย และความสําคัญของการออกแบบและการสร้างสาร กระบวนการออกแบบและการสรางสาร ไดแก การศึกษาคนควา การออกแบบแบบราง การทบทวนและปรับปรุง และการนําไปใช้ \r\nการถายภาพ การสื่อความหมายดวยภาพ การสื่อความหมายดวยตัวอักษร การออกแบบสารที่เป็นข้อความ จริยธรรมในการออกแบบ\r\n', 'Definitions and significance of message design and creation; process of message design and creation: study and research, outline design, revision and improvement, and running; photography, communication by photo; communication by text; content design; code of ethics ', 2, 100, 5),
(204462, 'เทคโนโลยีการผลิตเนื้อหาออนไลน์', 'Technology of Online Content Production', 'การใช้เทคโนโลยีสมัยใหม่ในระบบดิจิทัลเพื่อการออกแบบและการผลิตเนื้อหาออนไลน์ ขั้นตอนก่อนการผลิต ขั้นตอนการผลิต และขั้นตอนหลังการผลิต การฝึกทักษะในการใช้เทคโนโลยีในระบบดิจิทัลเพื่อการผลิตเนื้อหาออนไลน์', 'Using up-to-date digital system technologies for design and production of online content; pre-production, production, and postproduction processes; hands-on practice by using digital system technologies for online content production', 3, 100, 6),
(204463, 'การสร้างสรรค์เนื้อหาออนไลน์เพื่อการสื่อสารการตลาดดิจิทัล', 'Online Content Creation for Digital Marketing Communication', 'บทบาทหน้าที่นักสร้างสรรค์ การสื่อความหมายของสื่อดิจิทัล หลักการสร้างสรรค์เนื้อหาให้สอดคล้องกับคุณลักษณะของสื่อดิจิทัลและการสื่อสารการตลาดดิจิทัล การวิเคราะห์ผู้ใช้สื่อดิจิทัล แนวคิด หลักการ และวิธีการของการสื่อสารการตลาดเชิงบูรณาการ การวางแผน การกำหนด กลยุทธ์ และปัจจัยในการสื่อสารการตลาดดิจิทัล การกำหนดกลยุทธ์และเครื่องมือการสื่อสารการตลาดดิจิทัล กฎหมายและจรรยาบรรณที่เกี่ยวข้องกับสร้างสรรค์เนื้อหาออนไลน์เพื่อการสื่อสารการตลาดดิจิทัล', 'Role of creative; conveying the meaning of digital media; principles of content creation to conform with the attributes of digital media and digital marketing communication; digital media users analysis; concepts, principles and methods of digital marketing communications; planning, setting strategies and factors in digital marketing communication; laws and ethics related to online content creation for digital marketing communication', 2, 100, 7),
(204464, 'โครงงานนวัตกรรมการสร้างสรรค์เนื้อหาออนไลน์', 'Innovative Online Content Creation Project', 'การออกแบบและพัฒนาโครงงานที่เกี่ยวข้องกับหลักสูตรที่ศึกษา', 'Project design and development in the program of study', 2, 100, 8),
(204465, 'การจัดการโครงการซอฟต์แวร์เบื้องต้น', 'Introduction to Software Project Management', 'แนวคิดการจัดการโครงการซอฟต์แวร์ การบริหารขอบเขตของโครงการ การบริหารเวลาของโครงการ การบริหารต้นทุนของโครงการ การบริหารคุณภาพของโครงการ การบริหารทรัพยากรบุคคลของโครงการ การบริหารการสื่อสารของโครงการ การบริหารความเสี่ยงของโครงการ การประเมินโครงการ กรณีศึกษาในการจัดการโครงการซอฟต์แวร์', 'Software project management concepts; project scope management; project time management; project cost management; project quality management; project human resource management; project communications management; project risk management; project evaluation; case studies of software project management.', 2, 100, 22),
(204466, 'การคิดเชิงออกแบบสำหรับนวัตกรรมดิจิทัล', 'Design Thinking for Digital Innovation', 'การคิดอย่างสร้างสรรค์ การตั้งโจทย์และการแก้ไขปัญหา การระดมความคิดและการออกแบบโดยผู้ใช้เป็นศูนย์กลาง การออกแบบประสบการณ์ผู้ใช้งานและส่วนต่อประสานกับผู้ใช้ การสร้างต้นแบบ การปรับใช้นวัตกรรมอย่างเหมาะสม การถอดบทเรียน', 'Creative thinking; questioning and problem-solving; brainstorming and user-centered design; UX/UI design; prototyping; appropriate application of innovation; lesson learned', 2, 100, 23),
(204467, 'การพัฒนาแบบคล่องตัวโดยใช้เดฟออปส์', 'Agile Development using DevOps', 'แนวคิดการจัดการโครงการแบบคล่องตัว กระบวนการทางความคิดแบบคล่องตัว หลักการแบบคล่องตัว กระบวนการน้ำตก กรอบการทำงานแบบสครัม คุณค่าของสครัม บทบาทในกรอบการทำงานแบบสครัม เช่น เจ้าของผลิตภัณฑ์ ผู้นำสครัม ทีมนักพัฒนา เครื่องมือในกรอบการทำงานแบบสครัม เช่น งานค้าง สปรินท์ การประชุมรายวัน แนวคิดเดฟออปส์ การไหลและการป้อนผลย้อนกลับ การรวมและส่งมอบอย่างต่อเนื่อง เครื่องมือจัดการซอฟต์แวร์เดฟออปส์ เช่น กิด ด็อกเกอร์ เจนกินส์ วาแกรนต์ เชฟ แองซิเบิล คูเบอร์เน็ต', 'Agile project management concepts; agile mindset; agile principles; waterfall process; scrum framework; scrum values; scrum roles: product owner, scrum master, development team; scrum tools: backlog, sprint, daily scrum meeting; DevOps concepts; flow and feedback; continuous integration and continuous development; DevOps software management tools: Git, Docker, Jenkins, Vagrant, Chef, Ansible, Kubernetes', 3, 100, 24),
(204468, 'โครงงานการจัดการโครงการซอฟต์แวร์สมัยใหม่', 'Project in Modern Software Project Management', 'การออกแบบและพัฒนาโครงงานที่เกี่ยวข้องกับการจัดการโครงการซอฟต์แวร์สมัยใหม่ การเข้าใจปัญหา การระบุปัญหา การสร้างสรรค์ความคิด การสร้างตัวแบบ การทดสอบ', 'Project design and development in mobile applications; empathize problems; define problems; creative thinking; prototype; test', 2, 100, 25),
(1101011, 'เทคโนโลยีดิจิทัลเบื้องต้น', 'Digital Technology Foundation', 'ความรู้เบื้องต้นเกี่ยวกับเทคโนโลยีดิจิทัล คณิตศาสตร์ส าหรับคอมพิวเตอร์ การคิดเชิง ค านวณส าหรับการแก้ปัญหา กระบวนการและเครื่องมือในการพัฒนาซอฟต์แวร์ การจัดการโครงการ ปฏิสัมพันธ์ระหว่างมนุษย์และคอมพิวเตอร์ การจัดการข้อมูล เครือข่ายคอมพิวเตอร์ เทคโนโลยีเว็บ ระบบไซ เบอร์-กายภาพ การบริการคลาวด์', 'Introduction to digital technology; mathematics for computer; computational thinking for problem solving; software development processes and tools; project management; human-computer interaction; data management; computer networks; web technology; cyber-physical systems; cloud services', 3, 100, 0),
(1101012, 'การจัดการเทคโนโลยีดิจิทัล', 'Digital Technology Management', 'โปรแกรมประยุกต์ส าหรับวิสาหกิจ การแก้ปัญหาด้วยเทคโนโลยีดิจิทัล นโยบายด้านเทคโนโลยี ดิจิทัล เทคโนโลยีสน้างความพลิกผัน การเปลี่ยนแปลงทางดิจิทัล ความเป็นส่วนตัว ผลกระทบของคอมพิวเตอร์ต่อ บุคคล องค์กรและสังคม จริยธรรม จรรยาบรรณและกฎหมายในวิชาชีพเทคโนโลยีดิจิทัล เช่น ทรัพย์สินทางปัญญา การใช้งานคอมพิวเตอร์ที่ผิดวัตถุประสงค์ อาชญากรรมทางไซเบอร์', 'Enterprise application; digital technology-based solutions; digital technology policies; disruptive technology; digital transformation; privacy; impact of computing on individuals, organizations, and society; ethics, conduct and laws in digital technology profession: intellectual properties, computer abuse, cybercrime', 3, 100, 0),
(1101013, 'การบริการเทคโนโลยีดิจิทัล', 'Digital Technology Services', 'ส่วนประกอบของคอมพิวเตอร์และเกณฑ์การเลือกซื้อ การประกอบเครื่องคอมพิวเตอร์ การติดตั้งระบบปฏิบัติการ การแบ่งพาร์ติชันและการจัดการอุปกรณ์จัดเก็บข้อมูล การปรับแต่งระบบ การติดตั้งฮาร์ดแวร์ การติดตั้งซอฟต์แวร์ การติดตั้งเครือข่ายคอมพิวเตอร์ การติดตั้งโปรแกรมบริการ การส ารองและการกู้ข้อมูล การวางแผนการบริการ การวิเคราะห์และแก้ไขปัญหาคอมพิวเตอร์ ข้อตกลง ระดับการบริการ ความคาดหวังของผู้รับบริการ การจัดการความรู้ในงานบริการ การสื่อสารในงานบริการ การจัดการประเด็น', 'Computer components and buying criteria; computer assembling; operating system installation; data storage partitioning and management; system configuration; hardware installation; software installation; computer network installation; server program installation; data backup and recovery; service planning; computer troubleshooting; service level agreement; user expectation; knowledge management in services; communication in services; issues management ', 2, 100, 0),
(1101021, 'พื้นฐานการพัฒนาซอฟต์แวร์ 1', '(Software Development Foundation I', 'ภาษาคอมพิวเตอร์และวากยสัมพันธ์ การออกแบบและการพัฒนาโปรแกรมคอมพิวเตอร์ ขั้นตอนและระเบียบวิธีการโปรแกรมด้วยภาษาคอมพิวเตอร์ระดับสูง อาทิ ภาษาซี การรับค่าและแสดงผล ชนิดของตัวแปร นิพจน์ ตัวด าเนินการ ค าสั่งควบคุม แถวล าดับ การโปรแกรมเพื่อแก้ปัญหาและเพื่อใช้งานใน ระบบสารสนเทศ', 'Computer languages and syntax; computer program design and development; steps and procedures for programming using high level computer languages, such as C language; input and output; variable data type; expression; operators; control statements; array; programming to solve problems and for use in information systems', 3, 100, 0),
(1101022, 'พื้นฐานการพัฒนาซอฟต์แวร์ 2\r\n', 'Software Development Foundation II', 'เทคโนโลยีพื้นฐานของเว็บ เว็บเบราว์เซอร์ โปรแกรมบริการเว็บ การออกแบบและพัฒนา เว็บไซต์ โปรแกรมประยุกต์บนเว็บ ฐานข้อมูลบนเว็บ เอชทีเอ็มแอล เอ็กซ์เอ็มแอล เว็บเซอร์วิส ระบบจัดการเนื้อหาเว็บ ซีเอสเอส โพรโทคอลเอชทีทีพี ความเป็นส่วนตัว ความน่าเชื่อถือ ความมั่นคงของเว็บ', 'Fundamental Web technology: web browsers, web servers, web site design and development; web application programs; web database; HTML; XML; web service; web content management system; CSS; HTTP; privacy; reliability; web security', 3, 100, 0),
(1101023, 'โครงงานการพัฒนาซอฟต์แวร์ขั้นพื้นฐาน', '(Project in Basic Software Development', 'การพัฒนาโครงงานตามหัวข้อที่ก าหนดด้านการพัฒนาซอฟต์แวร์ขั้นพื้นฐาน บนพื้นฐานของ ความคิดเชิงสร้างสรรค์ หรือการคิดเชิงออกแบบ เช่น การพัฒนาซอฟต์แวร์ส าหรับองค์กร การพัฒนา ซอฟต์แวร์เพื่อวัตถุประสงค์เฉพาะ', 'Project development on selected topics on basic software development based on creativity or design thinking: software development for organizations, software development for specific purpose', 2, 100, 0),
(1101031, 'พื้นฐานวิทยาการข้อมูล 1\r\n', 'Data Science Foundation I', 'แนวคิดและทฤษฎีที่เกี่ยวข้องกับวิทยาการข้อมูล เช่น การรวบรวม การวิเคราะห์ การจัดกลุ่ม และการน าเสนอข้อมูล การจัดการข้อมูล สถาปัตยกรรมฐานข้อมูล การท าเหมืองข้อมูล ข้อมูลขนาดใหญ่ ความมั่นคงของข้อมูล ', 'Concepts and theories related to data science: data gathering, analytics, clustering and presentation; data management; database architecture; data mining; big data; data security. ', 3, 100, 0),
(1101032, 'พื้นฐานวิทยาการข้อมูล 2', 'Data Science Foundation II', 'แนวทางและมาตรฐานในการวิเคราะห์และออกแบบระบบสารสนเทศ การจัดการ สารสนเทศ การค้นคืนสารสนเทศ จินตทัศน์สารสนเทศ ', 'Approaches and standards in information system analysis and design; information organization; information retrieval; information visualization', 3, 100, 0),
(1101033, 'โครงงานวิทยาการข้อมูลขั้นพื้นฐาน', 'Project in Basic Data Science', 'การพัฒนาโครงงานตามหัวข้อที่ก าหนดด้านวิทยาการข้อมูลบนพื้นฐานของความคิด เชิงสร้างสรรค์ หรือการคิดเชิงออกแบบ เช่น การออกแบบระบบสารสนเทศ การออกแบบฐานข้อมูล การวิเคราะห์ข้อมูลส าหรับองค์กร การวิเคราะห์ข้อมูลเพื่อวัตถุประสงค์เฉพาะ การจัดการข้อมูล จินตทัศน์ สารสนเทศ', 'Project development on selected topics on software development based on creativity or design thinking: information system design, database design, data analytics for organizations, data analytics for specific purpose, data handling, information visualization', 2, 100, 0),
(1101041, 'ภาษาอังกฤษเพื่อการนำเสนอทางธุรกิจ', 'English for Business Presentations', 'พัฒนาทักษะการรวบรวมและจัดวางเนื้อหาในการนำเสนองานทางธุรกิจ รวมทั้งทักษะ การน าเสนองาน และการตอบค าถามอย่างมืออาชีพ ', 'Development of data collection and content organization skills for business presentation, as well as presentation and question handling skills in a professional manner ', 3, 100, 0),
(1101042, 'ภาษาอังกฤษเพื่อการประชุมทางธุรกิจ', 'English for Business Meetings', 'พัฒนาทักษะในการน าและมีส่วนร่วมในการประชุมทางธุรกิจ การด าเนินการประชุม การวิเคราะห์ผู้ฟังและข้อพิจารณาทางวัฒนธรรม การน าเสนอและการอธิบายให้เหตุผล การน าเสนอแนวคิดที่ แตกต่างอย่างเหมาะสม ', 'Development of skills in leading, participating and arranging business meetings; audience analysis, including cultural factors; final proposal which incorporates reasoning from multiple viewpoints', 3, 100, 0),
(1101043, 'สัมมนาเทคโนโลยีดิจิทัล', 'Seminar in Digital Technology', 'การสัมมนาตามหัวข้อก าหนดด้านเทคโนโลยีดิจิทัล เช่น ระบบสารสนเทศ เทคโนโลยีเว็บ การออกแบบฐานข้อมูล การวิเคราะห์ข้อมูล ระบบเครือข่าย ความมั่นคงทางไซเบอร', 'Seminar on selected topics of Digital Technology: information system, web technology, database design, data analytics, network systems, cyber security', 2, 100, 0),
(1101051, 'การเขียนเนื้อหาดิจิทัล', 'Digital Content Writing', 'กระบวนการพัฒนาความคิดสร้างสรรค์ การสื่อความหมายของสื่อดิจิทัล หลักการเขียนเนื้อหา ให้สอดคล้องกับคุณลักษณะของสื่อดิจิทัล สื่อดิจิทัลและผู้รับสารดิจิทัล การแสวงหาแนวคิด มุมมองใน การเล่าเรื่อง การวิเคราะห์ข้อมูลและการจินตทัศน์สารสนเทศ การใช้ข้อความ ภาพนิ่ง ภาพเคลื่อนไหวและ เสียงในการเล่าเรื่อง กฎหมายและจริยธรรมที่เกี่ยวข้องกับการเขียนเนื้อหาดิจิทัล', 'Process of creative thinking development; conveying the meaning of digital media; principles of content writing to conform with the attributes of digital media; digital media and digital audience; searching of concepts; point of view in narration; data analytic and information visualization; using text, picture, motion picture and sound in narration; laws and ethics related to writing digital content', 3, 100, 0),
(1101052, 'การตลาดเชิงเนื้อหาดิจิทัล', 'Digital Content Marketing', 'ความหมายและความส าคัญของการตลาดเชิงเนื้อหาดิจิทัล หลักการท าการตลาดเชิงเนื้อหา ดิจิทัล การสร้างแผนกลยุทธ์การตลาดด้วยเนื้อหาดิจิทัล การพัฒนาเนื้อหาดิจิทัลเพื่อให้เกิดการส่งต่อ กระบวนการสร้างเนื้อหาที่เน้นค าค้นหา กลวิธีสร้างสรรค์แคมเปญบนสื่อสังคม', 'Definition and importance of digital content marketing; principles of digital content marketing; creating a marketing strategy with digital content; digital content creation for viral marketing; process of creating digital content that emphasizeskeywords; strategies for creating campaigns on social media', 3, 100, 0),
(1101053, 'โครงงานการเขียนเนื้อหาดิจิทัล\r\n', '(Project in Digital Content Writing', 'การพัฒนาโครงงานตามหัวข้อที่ก าหนดด้านการเขียนเนื้อหาดิจิทัล บนพื้นฐานของความคิด สร้างสรรค์หรือการคิดเชิงออกแบบ เช่น การเขียนบทความลงเครือข่ายสังคมออนไลน์ การเขียนเนื้อหาเพื่อ การโฆษณาและประชาสัมพันธ์ ', 'Project development on selected topics on Digital Content Writing based on creativity or design thinking: writing articles on social networks online, Content writing for advertising and public relations', 2, 100, 0),
(1101061, 'การออกแบบกราฟิกเวกเตอร์', 'Vector Graphic Design', 'ความหมาย และความส าคัญของการออกแบบทัศนสาร กระบวนการออกแบบและการสร้าง ทัศนสาร ได้แก่ การศึกษาค้นคว้า การออกแบบแบบร่าง การทบทวนและปรับปรุง และการน าไปใช้ การใช้โปรแกรมส าเร็จรูปเพื่อการผลิตภาพคอมพิวเตอร์กราฟิกแบบเวกเตอร์ การสื่อความหมายด้วย ภาพประกอบ สี และตัวอักษร การฝึกทักษะการสร้างภาพกราฟิกเวกเตอร์โดยใช้เครื่องมือและเทคโนโลยี สมัยใหม', 'Definitionsand significanceof visual message design; process of visual message design and creation: study and research, outline design, revision and improvement, and running; ready- to- use programs utilization for vector computer graphic production; communication by illustration, color and alphabet; practice in vector graphic creation skills with tools and up-to-date technology', 3, 100, 0),
(1101062, 'การออกแบบกราฟิกราสเตอร์', 'Raster Graphic Design', 'การใช้เทคโนโลยีสมัยใหม่เพื่อการออกแบบและการผลิตภาพคอมพิวเตอร์กราฟิก ขั้นตอน ก่อนการผลิต ขั้นตอนการผลิต และขั้นตอนหลังการผลิต การใช้โปรแกรมส าเร็จรูปเพื่อการผลิตภาพ คอมพิวเตอร์กราฟิกแบบราสเตอร์ การถ่ายภาพและตกแต่งภาพ ข้อดี และข้อจ ากัดของแต่ละโปรแกรม การฝึกทักษะในการใช้เทคโนโลยีเพื่อการผลิตภาพคอมพิวเตอร์กราฟิกและสื่อสิ่งพิมพ์ออนไลน์', 'Using up-to-date technologies for computer graphic design and production; pre-production, production, and post-production processes; ready-to-use programs utilization for raster computer graphic production; photography and photo retouching; advantages and disadvantages of each program; hands-on practice by using technologies for computer graphic and online publication media production', 3, 100, 0),
(1101063, 'โครงงานการออกแบบทัศนสาร', 'Project in Visual Message Design', 'การพัฒนาโครงงานตามหัวข้อที่ก าหนดด้านการออกแบบทัศนสารบนพื้นฐานของความคิด สร้างสรรค์หรือการคิดเชิงออกแบบ เช่น การออกแบบคอมพิวเตอร์กราฟิกส าหรับส่วนต่อประสานผู้ใช้ การออกแบบชุดภาพเวกเตอร์ การออกแบบตราสัญลักษณ์ การออกแบบหนังสือพิมพ์ออนไลน์ การออกแบบ นิตยสารอิเล็กทรอนิกส์ การถ่ายภาพเพื่อการประชาสัมพันธ', 'Project development on selected topics on visual message design based on creativity or design thinking: computer graphic design for user interface, vector pack design, logo design, online newspaper design, e-magazine design, photography for public relation', 2, 100, 0),
(1101071, 'หลักการปฏิสัมพันธ์ระหว่างมนุษย์และ\r\nคอมพิวเตอร', 'Principles of Human-Computer\r\nInteraction', 'แนวคิดและความส าคัญของการปฏิสัมพันธ์ระหว่างมนุษย์กับคอมพิวเตอร์ การสื่อสารผ่าน คอมพิวเตอร์ แบบจ าลองการปฏิสัมพันธ์ระหว่างมนุษย์และคอมพิวเตอร์ มนุษยปัจจัย แบบจ าลองการรู้จ าใน การปฏิสัมพันธ์ระหว่างมนุษย์และคอมพิวเตอร์ การใช้งานได้ในการปฏิสัมพันธ์ระหว่างมนุษย์และคอมพิวเตอร์ การออกแบบการปฏิสัมพันธ์ ประเด็นที่เกี่ยวข้องกับการปฏิสัมพันธ์ระหว่างมนุษย์และคอมพิวเตอร์ แนวโน้ม ของการปฏิสัมพันธ์ระหว่างมนุษย์และคอมพิวเตอร', 'Concepts and importance of human-computer interaction; computer-mediated communication; models of human-computer interaction; human factors; cognitive models in human-computer interaction; usability in human-computer interaction; interaction design; issues of human-computer interaction; trends of human-computer interaction', 3, 100, 0),
(1101072, 'การออกแบบประสบการณ์ผู้ใช้', 'User Experience Design', 'แนวคิด หลักการและแนวทางที่เกี่ยวข้องกับการออกแบบประสบการณ์ผู้ใช้ ความส าคัญของ การออกแบบประสบการณ์ผู้ใช้ วงจรการออกแบบประสบการณ์ผู้ใช้ ปัจจัยที่ส่งผลต่อประสบการณ์ผู้ใช้ ประเด็นที่เกี่ยวกับการออกแบบประสบการณ์ผู้ใช้ในปัจจุบัน แนวโน้มของการออกแบบประสบการณ์ผู้ใช้ใน สังคมดิจิทัล การฝึกทักษะในการใช้เทคโนโลยีเพื่อการออกแบบประสบการณ์ผู้ใช้', 'Concepts, principles and guidelines in user experience design; the importance of user experience design; user experience design cycle; factors in user experience design; current issues of user experience design; trends of user experience design in digital society; hands-on practice by using technologies for user experience design', 3, 100, 0),
(1101073, 'โครงงานการออกแบบส่วนต่อประสานผู้ใช้และ\r\nประสบการณ์ผู้ใช้\r\n', 'Project in User Interface and User\r\nExperience Design', 'การพัฒนาโครงงานตามหัวข้อที่ก าหนดด้านการออกแบบส่วนต่อประสานผู้ใช้และ ประสบการณ์ผู้ใช้บนพื้นฐานของความคิดเชิงสร้างสรรค์ หรือการคิดเชิงออกแบบ เช่น โปรแกรมประยุกต์บน มือถือ เว็บไซต์ โปรแกรมคอมพิวเตอร์', 'Project development on selected topics on user interface and user experience design based on creativity or design thinking: mobile application, website, computer program', 2, 100, 0),
(1101081, 'การออกแบบเทคโนโลยีปฏิสัมพันธ์ที่มีผู้ใช้เป็น\r\nศูนย์กลาง\r\n', 'User Centered Design for Interactive\r\nTechnologies', 'ความหมาย แนวคิดและที่มาของการออกแบบที่มีผู้ใช้เป็นศูนย์กลาง ความแตกต่างของผู้ใช้ เทคโนโลยีปฏิสัมพันธ์ ผู้ใช้ที่มีความต้องการพิเศษ ผู้ใช้ที่เป็นกลุ่มเฉพาะ กระบวนการการออกแบบที่มีผู้ใช้เป็น ศูนย์กลาง บทบาท และผลกระทบของการออกแบบที่มีผู้ใช้เป็นศูนย์กลางที่มีต่อสังคม การฝึกทักษะ การออกแบบที่มีผู้ใช้เป็นศูนย์กลาง โดยเฉพาะอย่างยิ่งเพื่อการออกแบบและพัฒนาเทคโนโลยีปฏิสัมพันธ์', 'Definitions, concepts, and origin of user- centered design; difference of interactive technologies users; users with special needs; special user groups; user-centered design process; role, and impact of user-centered design on social; hands-on practice in human-centered design, especially, for interactive technologies design and development', 3, 100, 0),
(1101082, 'การทดสอบความสามารถในการใช้งานได้', 'Usability Testing', 'แนวคิด และความส าคัญของการทดสอบความสามารถในการใช้งานได้ กระบวนการและ วิธีการในการทดสอบความสามารถในการใช้งานได้ วิธีการทดสอบที่ไม่ใช้ผู้ใช้งาน วิธีการประเมินโดย ผู้เชี่ยวชาญ วิธีการทดสอบที่ใช้ผู้ใช้งานทั้งที่เป็นวิธีการเชิงปริมาณ และวิธีการเชิงคุณภาพ ข้อดีข้อเสียของการ ทดสอบแต่ละรูปแบบ การฝึกทักษะการทดสอบความสามารถในการใช้งานได้', 'Definitions and concepts of usability testing; process and method in usability testing; non-user based testing methods; expert evaluations methods; user-based testing; usability testing both qualitative and quantitative methods; positives and negative of each method; hands-on practice in usability testing', 3, 100, 0),
(1101083, 'โครงงานการออกแบบเทคโนโลยีปฏิสัมพันธ์ที่มี\r\nผู้ใช้เป็นศูนย์กลาง\r\n', 'Project in User Centered Design for\r\nInteractive Technologies', 'การพัฒนาโครงงานตามหัวข้อที่ก าหนดด้านการออกแบบเทคโนโลยีปฏิสัมพันธ์ที่มีผู้ใช้เป็น ศูนย์กลาง และการประเมินความสามารถในการใช้งานได้ บนพื้นฐานของความคิดเชิงสร้างสรรค์ หรือการคิด เชิงออกแบบ', 'Project development on selected topics on user-centered design for interactive technologies and usability testing based on creativity or design thinking', 2, 100, 0),
(1101091, 'การเขียนโปรแกรมเชิงโครงสร้างและโครงสร้าง\r\nข้อมูล', 'Structured Programming and Data\r\nStructures', 'ขั้นตอนและระเบียบวิธีการโปรแกรมด้วยภาษาคอมพิวเตอร์ระดับสูง อาทิ ภาษาซี การควบคุมการไหลของโปรแกรมแบบมีโครงสร้าง ฟังก์ชันและการส่งผ่านพารามิเตอร์ แนวคิดเกี่ยวกับ โครงสร้างข้อมูล การออกแบบโครงสร้างข้อมูล โครงสร้างข้อมูลแบบแถวล าดับและแบบตัวชี้ โครงสร้างข้อมูล แบบลิงค์ลิสต์ สแตค คิว ทรี กราฟ การเรียงล าดับและการค้นหาข้อมูล การวิเคราะห์ขั้นตอนวิธี ความซับซ้อน ในการค านวณ การประยุกต์ใช้การจัดการโครงสร้างข้อมูลในระบบสารสนเทศ', 'Steps and procedures for programming using high level computer languages, such as C language; structured control flow of a program; function and parameter passing; concepts of data structures; data structure design; pointer and array data structure; linkedlist, stack, queue, tree and graph data structures; data sorting and searching; analysis of algorithms; computational complexity; application of data structure management in information systems', 3, 100, 0),
(1101092, 'การเขียนโปรแกรมเชิงอ็อบเจกต์', 'Object-Oriented Programming', 'ความรู้เบื้องต้นเกี่ยวกับแนวคิดเชิงอ็อบเจกต์ แนวคิดเชิงอ็อบเจกต์ได้แก่ แนวคิดการเขียน โปรแกรมเชิงวัตถุ แนวคิดการห่อหุ้ม แนวคิดการท าเป็นโมดูล แนวคิดการสร้างล าดับชั้น แนวคิดการสืบทอด แนวคิดการมีหลายรูปแบบ แนวคิดความเกี่ยวข้องกัน และแนวคิดกรอบการท างาน การวิเคราะห์และ ออกแบบระบบด้วยแนวคิดเชิงอ็อบเจกต์ การโปรแกรมด้วยภาษาเชิงอ็อบเจกต์ เช่น ภาษาจาวา ชนิดข้อมูล และตัวกระท า นิพจน์และการควบคุม การออกแบบคลาส เมท็อด และส่วนต่อประสาน การจัดการกับความ ผิดปกติ สายโยงใย การใช้และการสร้างส่วนต่อประสานโปรแกรมประยุกต์ (เอพีไอ) การเข้าถึงฐานข้อมูล การพัฒนาโปรแกรมประยุกต์ส าหรับระบบ', 'Fundamental knowledge about object orientation; objected- oriented programming concepts: abstraction, encapsulation, modularity, hierarchy, inheritance, polymorphism, association, and framework; object-oriented analysis and design; objectoriented programming such as java programming; data types and operators; expressions and flow control; designing classes, methods and interface; exception handling; threads; Application Programming Interface (API) utilization and creation; database access; developing applications for enterprise systems', 3, 100, 0),
(1101093, 'โครงงานการเขียนโปรแกรมเชิงอ็อบเจกต์และ\r\nโครงสร้างข้อมูล', 'Project in Object-Oriented\r\nProgramming and Data Structures', 'การพัฒนาโครงงานตามหัวข้อที่ก าหนดด้านการพัฒนาซอฟต์แวร์เชิงวัตถุบนพื้นฐานของ ความคิดเชิงสร้างสรรค์ หรือการคิดเชิงออกแบบ เช่น การพัฒนาซอฟต์แวร์ส าหรับองค์กร การพัฒนา ซอฟต์แวร์เพื่อวัตถุประสงค์เฉพาะ', 'Project development on selected topics on object-oriented software development based on creativity or design thinking: software development for organizations, software development for specific purpose', 2, 100, 0),
(1101101, 'การโปรแกรมภาษาสคริปต์', 'Scripting Language Programming', 'ความรู้เบื้องต้นเกี่ยวกับภาษาสคริปต์ การเขียนโปรแกรมอย่างมีประสิทธิภาพโดยใช้ภาษา สคริปต์บนยูนิกซ์ เช่น เชลล์สคริปต์ การเขียนโปรแกรมอย่างมีประสิทธิภาพโดยใช้ภาษาสคริปต์บนเว็บ เช่น จาวาสคริปต์ พีเอชพี และไพธอน การทดสอบและการแก้ไขข้อผิดพลาดของโปรแกรม', 'Introduction to scripting languages; effective programming using several Unixbased scripting languages such as Shell script; effective programming using web-based scripting languages such as JavaScript PHP and Python; program testing and debugging', 3, 100, 0),
(1101102, 'การพัฒนาโปรแกรมประยุกต์ข้ามแพลตฟอร์ม\r\nด้วยภาษาสคริปต์\r\n', 'Cross-Platform Application\r\nDevelopment with Scripting Language', 'ความรู้พื้นฐานเกี่ยวกับการพัฒนาโปรแกรมประยุกต์ สถาปัตยกรรมการพัฒนาข้าม แพลตฟอร์ม การติดตั้งและใช้งานเฟรมเวิร์ค โปรแกรมประยุกต์แบบลูกผสม โปรแกรมประยุกต์บนเว็บแบบ ก้าวหน้า (พีดับเบิ้ลยูเอ) ส่วนติดต่อกับผู้ใช้ การเชื่อมต่อกับบริการ', 'Fundamental knowledge about application development; architecture for cross- platform development; framework installation and usage; hybrid application; Progressive Web Application (PWA); user interface; interface with services', 3, 100, 0),
(1101103, 'โครงงานการพัฒนาโปรแกรมประยุกต์\r\nด้วยภาษาสคริปต์\r\n', 'Project in Scripting Language\r\nApplication Development', 'การพัฒนาโครงงานตามหัวข้อที่ก าหนดด้านการพัฒนาโปรแกรมประยุกต์ด้วยภาษาสคริปต์ บนพื้นฐานของความคิดเชิงสร้างสรรค์ หรือการคิดเชิงออกแบบ เช่น การออกแบบและพัฒนาโปรแกรม ประยุกต์บนเว็บส าหรับองค์กร การออกแบบและพัฒนาโปรแกรมประยุกต์บนอุปกรณ์เคลื่อนที่ส าหรับองค์กร', 'Project development on selected topics on scripting language application development based on creativity or design thinking: web application development for organizations, mobile application development for organizations', 2, 100, 0),
(1101111, 'การพัฒนาโปรแกรมประยุกต์ข้ามแพลตฟอร์ม', 'Web Application Development with.NET Framework', 'เอชทีเอ็มแอล ซีซีเอส บูทสแตร็ป จาวาสคริปต์ เอแจ็กซ์ เจเควียรี แองกูลาร์เจเอส ภาษาซี ชาร์ปและดอทเน็ตเฟรมเวิร์ค: ไวยกรณ์และชนิดตัวแปร คลาส อินเทอร์เฟซ เหตุการณ์ เดลีเกท ฐานข้อมูล: พื้นฐานการด าเนินการบนข้อมูลด้วยเอสคิวแอล การสร้างตารางด้วยเอสคิวแอล เอนทิตีเฟรมเวิร์ค แลมดาเอ็กซ์ เพรสชั่นและลิงค์ ดอทเน็ตเอ็มวีซี เรสท์เอพีไอ', 'HTML; CSS; Bootstrap; JavaScript; Ajax; jQuery; AngularJS; C# language and .NET framework: syntax and data types, classes, interfaces, events, delegates; database: SQL basics, operating on data in SQL, creating tables in SQL, entity framework, lambda expressions and LINQ; NET MVC; REST API', 3, 100, 0),
(1101112, 'การพัฒนาโปรแกรมประยุกต์ข้ามแพลตฟอร์ม', 'Cross-Platform Application Development', 'ภาษาซีชาร์ปและดอทเน็ตเฟรมเวิร์ค ดับเบิลยูพีเอฟ ซามารีน พื้นฐานของโปรแกรมประยุกต์ ซามารีนฟอร์ม เอ็กซ์เอเอ็มแอล วิวประสานผู้ใช้ของซามารีนฟอร์ม ฟีเจอร์ด้านแพลตฟอร์มของซามารีนฟอร์ม การเข้าถึงข้อมูล เรสท์เอพีไอด้วยซีชาร์ป รูปแบบเชิงสถาปัตยกรรมโมเดล-วิว-วิวโมเดล', 'C# language and .NET framework; WPF; Xamarin; Xamarin.Forms application fundamentals; XAML; Xamarin.Forms user interface view; Xamarin.Forms platform features; data access; REST API with C#; Model-View-ViewModel architectural pattern', 3, 100, 0),
(1101113, 'โครงงานการพัฒนาโปรแกรมประยุกต์ข้ามแพลตฟอร์ม\r\n', 'Project in Cross-Platform Application Development', 'การพัฒนาโครงงานตามหัวข้อที่ก าหนดด้านการพัฒนาโปรแกรมประยุกต์ข้ามแพลตฟอร์ม บนพื้นฐานของความคิดเชิงสร้างสรรค์ หรือการคิดเชิงออกแบบ เช่น การพัฒนาโปรแกรมประยุกต์ข้าม แพลตฟอร์มด้วยซีชาร์ปส าหรับองค์กร การพัฒนาโปรแกรมประยุกต์ข้ามแพลตฟอร์มด้วยซีชาร์ปเพื่อ วัตถุประสงค์เฉพาะ', 'Project development on selected topics in cross-platform application development based on creativity or design thinking: cross-platform application development for organizations, cross-platform application development for specific purpose', 2, 100, 0),
(1101121, 'การพัฒนาโปรแกรมประยุกต์แอนดรอยด์', 'Android Application Development', 'แนวคิด สถาปัตยกรรมและเครื่องมือของการพัฒนาโปรแกรมประยุกต์แอนดรอยด์ การออกแบบและสร้างส่วนติดต่อกับผู้ใช้ การสื่อสารระหว่างหน้าจอ การใช้งานฐานข้อมูลและการจัดเก็บ ข้อมูล การแบ่งปันข้อมูล การจัดการการตั้งค่า การใช้งานกล้อง', 'Concepts, architecture and tools of android application development; user interface design and implementation; communications between screens; database and data storage; data sharing; preference management; camera usage', 3, 100, 0),
(1101122, 'การพัฒนาโปรแกรมประยุกต์แอนดรอยด์ขั้นสูง\r\n', 'Advanced Android Application\r\nDevelopment', 'การออกแบบและสร้างส่วนติดต่อกับผู้ใช้แอนดรอยด์ขั้นสูง การเข้าถึงเครือข่าย แผนที่และ ระบบระบุพิกัดทางภูมิศาสตร์ (จีพีเอส) วีดิทัศน์และเสียง กราฟิกและสื่อประสม อุปกรณ์ตรวจจับ', 'Advanced android user interface design and implementation; network access; map and Global Positioning System (GPS); video and audio; graphics and multimedia; sensor devices', 3, 100, 0),
(1101123, 'โครงงานการพัฒนาโปรแกรมประยุกต์แอนดรอยด์\r\n', 'Project in Android Application Development', 'การพัฒนาโครงงานตามหัวข้อที่ก าหนดด้านการพัฒนาโปรแกรมประยุกต์แอนดรอยด์ บนพื้นฐานของความคิดเชิงสร้างสรรค์ หรือการคิดเชิงออกแบบ เช่น การโปรแกรมประยุกต์แอนดรอยด์ส าหรับ องค์กร การพัฒนาโปรแกรมประยุกต์แอนดรอยด์เพื่อวัตถุประสงค์เฉพาะ', 'Project development on selected topics on android application development based on creativity or design thinking: android application development for organizations, android application development for specific purpose', 2, 100, 0),
(1101131, 'การพัฒนาโปรแกรมประยุกต์ไอโอเอส', 'IOS Application Development', 'แนวคิด สถาปัตยกรรมและเครื่องมือของการพัฒนาโปรแกรมประยุกต์ไอโอเอส ภาษาสวิฟต์ การออกแบบและสร้างส่วนติดต่อกับผู้ใช้ การใช้งานฐานข้อมูลและการจัดเก็บข้อมูล การใช้งานกล้อง', 'Concepts, architecture and tools of IOS application development; swift language; user interface design and implementation; database and data storage; camera usage', 3, 100, 0),
(1101132, 'การพัฒนาโปรแกรมประยุกต์ไอโอเอสขั้นสูง', 'Advanced IOS Application\r\nDevelopment', 'การออกแบบและสร้างส่วนติดต่อกับผู้ใช้ไอโอเอสขั้นสูง การเข้าถึงเครือข่าย แผนที่และระบบ ระบุพิกัดทางภูมิศาสตร์ (จีพีเอส) วีดิทัศน์และเสียง กราฟิกและสื่อประสม ความเป็นจริงเสริม อุปกรณ์ตรวจจับ ', 'Advanced IOS user interface design and implementation; network access ; map and Global Positioning System ( GPS) ; video and audio; graphics and multimedia; augmented reality; sensor devices', 3, 100, 0),
(1101133, 'โครงงานการพัฒนาโปรแกรมประยุกต์ไอโอเอส', 'Project in IOS Application\r\nDevelopment', 'การพัฒนาโครงงานตามหัวข้อที่ก าหนดด้านการพัฒนาโปรแกรมประยุกต์ไอโอเอส บนพื้นฐาน ของความคิดเชิงสร้างสรรค์ หรือการคิดเชิงออกแบบ เช่น การพัฒนาโปรแกรมประยุกต์ไอโอเอสส าหรับองค์กร การพัฒนาโปรแกรมประยุกต์ไอโอเอสเพื่อวัตถุประสงค์เฉพาะ', 'Project development on selected topics on IOSapplication development based on creativity or design thinking: IOS application development for organizations, IOS application development for specific purpose', 2, 100, 0),
(1101141, 'ไมโครคอนโทรลเลอร์\r\n', 'Microcontroller', 'ความรู้พื้นฐานเกี่ยวกับอิเล็กทรอนิกส์ สัญญาณดิจิทัลและแอนะล็อก สถาปัตยกรรม ไมโครคอนโทรเลอร์ การใช้งานตัวรับรู้และอุปกรณ์ การเขียนโปรแกรมในระบบฝังตัว', 'Fundamental knowledge about electronics; digital and analog signals; microcontroller architecture; sensors and devices usage; embedded system programming', 3, 100, 0),
(1101142, 'อินเทอร์เน็ตของสรรพสิ่ง', 'Internet of Things', 'ความรู้พื้นฐานเกี่ยวกับอินเทอร์เน็ตของสรรพสิ่ง มาตรฐานที่เกี่ยวข้อง ส่วนต่อประสานคลาวด์ โพรโทคอลสื่อสาร การประยุกต์ใช้งาน', 'Fundamental knowledge about internet of things; relevant standards; cloud interface; communication protocols; internet of things applications', 3, 100, 0),
(1101143, 'โครงงานอินเทอร์เน็ตของสรรพสิ่ง', 'Project in Internet of Things', 'การพัฒนาโครงงานอินเทอร์เน็ตของสรรพสิ่งบนพื้นฐานของความคิดเชิงสร้างสรรค์ หรือการคิดเชิง ออกแบบ เช่น การพัฒนาบ้านอัจฉริยะ การพัฒนาฟาร์มอัจฉริยะ การพัฒนาสรรพสิ่งอัจฉริยะ', 'Project development on selected topics on Internet of things based on creativity or design thinking: smart home, smart farm, smart things.', 2, 100, 0),
(1101151, 'การวิเคราะห์ระบบสารสนเทศ', 'Information System Analysis', 'ความรู้พื้นฐานเกี่ยวกับระบบสารสนเทศ วงจรการพัฒนาระบบ ความรู้พื้นฐานเกี่ยวกับระบบ สารสนเทศทางธุรกิจ การวิเคราะห์ความต้องการและปัญหาทางธุรกิจ การศึกษาความเป็นไปได้ เอกสารความ ต้องการของระบบ กรณีศึกษาเกี่ยวกับหัวข้อการวิเคราะห์ระบบสารสนเทศ', 'Introduction to information system; Information Systems Development Lifecycles (SDLCs); introduction to business information system; requirements and problems analysis; feasibility study; system requirements document; case studies on the topic of information system analysis', 3, 100, 0),
(1101152, 'การออกแบบระบบสารสนเทศ', 'Information System Design', 'ความรู้พื้นฐานเกี่ยวกับการออกแบบระบบสารสนเทศ การออกแบบส่วนน าเข้าข้อมูล ส่วนแสดงผลข้อมูล ฐานข้อมูล และส่วนติดต่อกับผู้ใช้ ความรู้พื้นฐานเกี่ยวกับโมเดลทางธุรกิจ กรณีศึกษา เกี่ยวกับหัวข้อการออกแบบระบบสารสนเทศ', 'Introduction to information system design; input, output, database and user interface design; introduction to business model; case studies on the topic of information system design', 3, 100, 0),
(1101153, 'โครงงานการวิเคราะห์และออกแบบระบบ\r\nสารสนเทศ', 'Project in Information System Analysis\r\nand Design', 'การพัฒนาโครงงานตามหัวข้อที่ก าหนดด้านการวิเคราะห์และออกแบบระบบสารสนเทศ ส าหรับองค์กรภาครัฐหรือภาคเอกชน บนพื้นฐานของความคิดเชิงสร้างสรรค์ หรือการคิดเชิงออกแบบ', 'Project development on selected topics on information system analysis and design for public or private organizations based on creativity or design thinking', 2, 100, 0),
(1101161, 'วิศวกรรมซอฟต์แวร', 'Software Engineering', 'กระบวนการ วงจรชีวิต และกลยุทธ์การพัฒนาซอฟต์แวร์สมัยใหม่ แบบจ าลองการพัฒนา แบบวนรอบและเพิ่มพูน การเก็บรวบรวมความต้องการของผู้ใช้ การวิเคราะห์และออกแบบระบบด้วย เครื่องมือช่วยสนับสนุนงานทางวิศวกรรมซอฟต์แวร์ เทคนิคในการสร้างตัวต้นแบบ หลักการในการทดสอบ ระบบ เทคโนโลยีที่เกี่ยวข้องกับส่วนต่อประสานกับผู้ใช้ การจัดการโครงการ ', 'Modern software development process, life cycles and strategies; iterative and incremental software development models; requirement elicitation; analysis and design using CASE tools; prototyping techniques; software testing concepts; user interface technology; project management', 3, 100, 0),
(1101162, 'การทดสอบซอฟต์แวร์\r\n', 'Software Testing', 'คำนิยามและพื้นฐานการทวนสอบและทดสอบซอฟต์แวร์ เทคนิคสำหรับการทวนสอบและ ทดสอบซอฟต์แวร์ เทคนิคการทดสอบแบบกล่องด าและกล่องขาว การทดสอบและการประเมินผลการ ปฏิสัมพันธ์ระหว่างเครื่องกับผู้ใช้ระบบ การพยากรณ์ความน่าเชื่อถือของซอฟต์แวร์ การประกันคุณภาพ เครื่องมือทดสอบอัตโนมัติ', 'Software validation and verification terminology and foundations; techniques for software validation and verification; black-box and white-box testing techniques; humancomputer interaction testing and evaluation; prediction of software reliability; quality assurance; automated testing tools', 3, 100, 0),
(1101163, 'โครงงานวิศวกรรมซอฟต์แวร์\r\n', 'Project in Software Engineering', 'การพัฒนาโครงงานตามหัวข้อที่ก าหนดด้านการพัฒนาซอฟต์แวร์ตามหลักทางวิศวกรรม ซอฟต์แวร์บนพื้นฐานของความคิดเชิงสร้างสรรค์ หรือการคิดเชิงออกแบบ เช่น การพัฒนาซอฟต์แวร์ส าหรับ องค์กร การพัฒนาซอฟต์แวร์เพื่อวัตถุประสงค์เฉพาะ', 'Project development on selected topics on software development based on software engineering principles based on creativity or design thinking: software development for organizations, software development for specific purpose', 2, 100, 0),
(1101171, 'การออกแบบและพัฒนาฐานข้อมูล', 'Database Design and Development', 'ความหมาย ประเภท และความส าคัญของข้อมูลและฐานข้อมูล เทคนิคการออกแบบ ฐานข้อมูลซอฟต์แวร์ส าหรับการสร้างและจัดการฐานข้อมูล การพัฒนาฐานข้อมูลแบบความสัมพันธ์ การบริหารงานฐานข้อมูล เน้นเรื่องความถูกต้องและความปลอดภัยของข้อมูล เทคโนโลยีที่ใช้ในการสร้าง ฐานข้อมูล การประยุกต์ใช้ฐานข้อมูลในงานสารสนเทศ', 'Definition, types and significance of data and databases; database design techniques; software for developing and managing databases; relational database development; database administration with emphasis on data accuracy and data security; technology for database development; applications of database to information services', 3, 100, 0),
(1101172, 'การออกแบบและพัฒนาฐานข้อมูลขั้นสูง', 'Advanced Database Design and\r\nDevelopment', 'ความส าคัญและสถาปัตยกรรมของฐานข้อมูลขั้นสูง เช่น ฐานข้อมูลเชิงวัตถุ และฐานข้อมูล เชิงวัตถุสัมพันธ์ ฐานข้อมูลแบบโนเอสคิวแอล ภาษาสอบถามเชิงโครงสร้างเชิงกระบวนค าสั่ง ทริกเกอร์ใน ระบบฐานข้อมูล กระบวนค าสั่งและฟังก์ชันที่ถูกเก็บไว้ การประมวลข้อค าถามที่เหมาะสม การปรับแต่ง ฐานข้อมูล การบริหารงานฐานข้อมูล เทคโนโลยีที่ใช้ในการพัฒนาโปรแกรมประยุกต์บนฐานข้อมูลขั้นสูง และ หัวข้อขั้นสูงส าหรับระบบฐานข้อมูล', 'Significance and architecture of advanced databases : object-oriented databases and objected-oriented relational databases, NoSQL databases; procedural SQL; database triggers; stored procedures and functions; query processing optimization; database tuning; database administration; technology for advanced database application development; advanced topics in database system', 3, 100, 0),
(1101173, 'โครงงานการบริหารฐานข้อมูล', 'Project in Database Administration', 'การพัฒนาโครงงานตามหัวข้อที่ก าหนดด้านการออกแบบและพัฒนาระบบฐานข้อมูลส าหรับ โครงการพัฒนาซอฟต์แวร์บนพื้นฐานของความคิดเชิงสร้างสรรค์ หรือการคิดเชิงออกแบบ เช่น การพัฒนา ซอฟต์แวร์ส าหรับองค์กร การพัฒนาซอฟต์แวร์เพื่อวัตถุประสงค์เฉพาะ', 'Project development on selected topics on database design and development for software development projects based on creativity or design thinking: software development for organizations, software development for specific purpose', 2, 100, 0),
(1101181, 'การสื่อสารข้อมูล', 'Data Communications', 'ความหมาย ประเภท และวิวัฒนาการของการสื่อสารข้อมูล สื่อน าข้อมูล โพรโทคอลใน แบบจ าลองโอเอสไอและทีซีพี/ไอพี ฮาร์ดแวร์และซอฟต์แวร์ของการสื่อสารข้อมูล การประยุกต์ใช้งาน การสื่อสารข้อมูลในงานวิทยาการดิจิทัล แนวโน้มของการสื่อสารข้อมูล ', 'Definition, types and evolution of data communications; transmission media; protocols in OSI and TCP/IP models; hardware and software of data communications; application of data communications in digital science works; trends in data communication ', 3, 100, 0),
(1101182, 'การบริหารเครือข่าย', 'Network Administration', 'ความรู้พื้นฐานเกี่ยวกับอุปกรณ์หาเส้นทาง โพรโทคอลหาเส้นทาง การสลับสาย ข่ายงาน บริเวณเฉพาะที่เสมือน การจัดการระบบปฏิบัติการของอุปกรณ์หาเส้นทาง การควบคุมการเข้าถึง ข่ายงาน บริเวณกว้าง', 'Fundamental knowledge about router; routing protocols; switching; virtual local area network; managing router operating system; access control; wide area network', 3, 100, 0),
(1101183, 'โครงงานการบริหารเครือข่าย', 'Project in Network Administration', 'การพัฒนาโครงงานตามหัวข้อที่ก าหนดด้านการบริหารเครือข่าย บนพื้นฐานของความคิดเชิง สร้างสรรค์ หรือการคิดเชิงออกแบบ เช่น การออกแบบเครือข่ายส าหรับองค์กร การจ าลองสถานการณ์ อุบัติการณ์ทางเครือข่าย การใช้เทคโนโลยีสมัยใหม่เพื่อการบริหารเครือข่าย', 'Project development on selected topics on network administration based on creativity or design thinking: network design for organizations, network incident simulation, the use of modern technologies for network administration ', 2, 100, 0),
(1101191, 'การบริหารระบบ', 'System Administration', 'การติดตั้งและดูแลเครื่องบริการ การปรับแต่งการให้บริการ การจัดการผู้ใช้ การจัดการหน่วย เก็บ การควบคุมการเข้าถึง การติดตั้งซอฟต์แวร์ การส ารองและการกู้ระบบ การเขียนสคริปต์', 'Server installation and administration; service configuration; user management; storage management; access control; software installation; system backup and recovery; scripting ', 3, 100, 0);
INSERT INTO `course` (`course_id`, `course_name_th`, `course_name_en`, `course_detail_th`, `course_detail_en`, `course_credit`, `course_score`, `badge_img_id`) VALUES
(1101192, 'การจำลองระบบและการจัดการคลาวด์', 'System Virtualization and Cloud\r\nManagement', 'ความรู้พื้นฐานเกี่ยวกับการจ าลองระบบ ไฮเปอร์ไวเซอร์การสร้างเครื่องเสมือน การติดตั้ง ระบบปฏิบัติการในเครื่องเสมือน การจัดการทรัพยากร การส าเนาเครื่องเสมือน คอนเทนเนอร์ เช่น ด็อกเกอร์ การจัดการคอนเทนเนอร์ การย้ายถิ่น การจัดการศูนย์ข้อมูล', 'Fundamental knowledge about virtualization; hypervisors; creating a virtual machine; installing operating systems on a virtual machine; resource management; copying a virtual machine; containers: docker; container management; migration; data center management', 3, 100, 0),
(1101193, 'โครงงานการบริหารระบบ', 'Project in System Administration', 'การพัฒนาโครงงานตามหัวข้อที่ก าหนดด้านการบริหารระบบ บนพื้นฐานของความคิดเชิง สร้างสรรค์ หรือการคิดเชิงออกแบบ เช่น การออกแบบการจ าลองระบบส าหรับองค์กร การจัดการคลาวด์ การใช้เทคโนโลยีสมัยใหม่เพื่อการบริหารระบบ', 'Project development on selected topics on system administration based on creativity or design thinking: system virtualization design for organizations, cloud management, the use of modern technologies for system administration ', 2, 100, 0),
(1101201, 'พื้นฐานความมั่นคงปลอดภัยของสารสนเทศ\r\nและเครือข่าย', 'Foundation in Information and Network\r\nSecurity', 'แนวคิดด้านความมั่นคงปลอดภัยของสารสนเทศและเครือข่าย คุณสมบัติและกลไกด้าน ความลับของข้อมูล ความสมบูรณ์และความถูกต้องของข้อมูล ความสามารถในการเข้าถึงและการให้บริการ การพิสูจน์ตัวตน การควบคุมการเข้าถึงสารสนเทศ เครือข่าย และระบบ การโจมตีและการบุกรุกประเภทต่าง ๆ การเข้ารหัสข้อมูลแบบสมมาตร การเข้ารหัสข้อมูลแบบอสมมาตร การย่อยข้อมูล ก าแพงไฟ การตรวจจับ การบุกรุก และประเด็นกฎหมายและจริยธรรมที่เกี่ยวข้อง', 'Concepts of information and network security; security characteristics and mechanisms in confidentiality; availability; authentication protocols; information, network and system access control; threats and attacks; symmetric cryptography; asymmetric cryptography; message digests; firewalls; intrusion detection systems; and legal and ethical issues in information and network security', 3, 100, 0),
(1101202, 'โพรโทคอลการเข้ารหัสและการประยุกต์ใช้งาน', 'Cryptographic Protocols and Their\r\nApplications', 'กลไกและคุณสมบัติของโพรโทคอลการเข้ารหัส การสื่อสารสองทิศทางให้มีความมั่นคง ปลอดภัย โพรโทคอลการพิสูจน์ตัวตน โพรโทคอลการสร้างกุญแจเข้ารหัส การประยุกต์ใช้โพรโทคอล การเข้ารหัสใน อี-คอมเมิร์ส การธนาคาร การช าระเงินทางดิจิทัล ความมั่นคงปลอดภัยบนเครือข่ายไร้สาย กลไกไอพีเซ็ค การตรวจจับและการโจมตีโพรโทคอลค้นหาเส้นทาง ', 'Mechanisms and properties of cryptographic protocols; secure two-way communication; authentication protocols; key establishment protocols; applications of cryptographic protocols in e-commerce, banking services and e-payment; wireless network security; IPSec; and routing protocol attack and detection', 3, 100, 0),
(1101203, 'โครงงานความมั่นคงปลอดภัยทางไซเบอร', 'Project in Cyber Security', 'การพัฒนาโครงงานตามหัวข้อที่ก าหนดด้านความมั่นคงปลอดภัยทางไซเบอร์ บนพื้นฐานของ ความคิดเชิงสร้างสรรค์ หรือการคิดเชิงออกแบบ เช่น การออกแบบและพัฒนาระบบรักษาความปลอดภัยของ สารสนเทศหรือเครือข่ายขององค์กร การออกแบบและพัฒนาโปรแกรมประยุกต์ด้านความมั่นคงปลอดภัยทาง ไซเบอร์', 'Project development on selected topics on cyber security based on creativity or design thinking: design and development of a security system for an organization or a network or design and development of a security application', 2, 100, 0),
(1101211, 'พื้นฐานของบล็อกเชนและสกุลเงินดิจิทัล', 'Blockchain and Cryptocurrency Basics', 'ทฤษฎีและหลักการการเข้ารหัสข้อมูลที่จ าเป็นส าหรับบล็อกเชน ประวัติศาสตร์ด้านสกุลเงิน แนวคิดและหลักการท างานของบล็อกเชน โครงสร้างของบล็อกเชน บิทคอยน์ โพรโทคอลของบิทคอยน์ ความปลอดภัยของบิทคอยน์ แนวโน้มและทิศทางของบล็อกเชนในอนาคต นวัตกรรมและการเป็น ผู้ประกอบการของบล็อกเชน และนโยบายและกฎหมายที่เกี่ยวข้องกับสกุลเงินดิจิทัล', 'Theories and principles of cryptography necessary for blockchain; history of currency; concept and principle of blockchain; blockchain data structure; Bitcoin and its protocol; security of Bitcoin; trends and directions of blockchain in the future; blockchain innovation and entrepreneurship; and policies and laws related to cryptocurrencies', 3, 100, 0),
(1101212, 'เทคโนโลยีบล็อกเชนและสกุลเงินดิจิทัล', 'Blockchain and Cryptocurrency\r\nTechnologies', 'เทคโนโลยีต่าง ๆ ที่เกี่ยวข้องกับบล็อกเชนและสกุลเงินดิจิทัล อีเธอร์เรียม การออกแบบและ สร้างสัญญาอัจฉริยะ กรณีศึกษาของการใช้บล็อกเชนที่เกี่ยวข้องกับการเงิน กรณีศึกษาของการใช้บล็อกเชนใน บริบทอื่น ๆ บิทคอยน์ และการประยุกต์ใช้และประโยชน์ของบล็อกเชนในอุตสาหกรรมต่าง ๆ', 'Technologies related to blockchain and cryptocurrency; Ethereum; Designing a deploying of smart contracts; case studies of blockchain in financial aspect; case studies of blockchain in other areas; and applications and uses of blockchain in different industries;', 3, 100, 0),
(1101213, 'โครงงานบล็อกเชนและสกุลเงินดิจิทัล', 'Project in Blockchain and\r\nCryptocurrency', 'การพัฒนาโครงงานตามหัวข้อที่ก าหนดด้านบล็อกเชนและสกุลเงินดิจิทัล บนพื้นฐานของ ความคิดเชิงสร้างสรรค์ หรือการคิดเชิงออกแบบ เช่น การประยุกต์ใช้บล็อกเชนในองค์กร การประยุกต์ใช้ บล็อกเชนในภาครัฐ การประยุกต์ใช้บล็อกเชนส าหรับการลงคะแนนเสียง', 'Project development on selected topics on blockchain and cryptocurrency based on creativity or design thinking: an application of blockchain in an organization; an application of blockchain in government sector; and an application of blockchain in electronic voting', 2, 100, 0),
(1101221, 'ธุรกิจดิจิทัล', 'Digital Business', 'ความรู้พื้นฐานเกี่ยวกับธุรกิจดิจิทัล การตลาดดิจิทัล ระบบนิเวศดิจิทัล การจัดซื้อจัดจ้าง ดิจิทัล การจัดการลูกค้าสัมพันธ์ การบริหารทรัพยากรมนุษย์ดิจิทัล การบริหารห่วงโซ่อุปทานดิจิทัล กรณีศึกษา เกี่ยวกับหัวข้อธุรกิจดิจิทัล', 'Introduction to digital business; digital marketing; digital ecosystem; digital procurement; Customer Relationship Management (CRM); digital human resource management; digital supply chain management; case studies on the topic of digital business', 3, 100, 0),
(1101222, 'เศรษฐกิจดิจิทัล', 'Digital Economy', 'ความรู้พื้นฐานเกี่ยวกับเศรษฐกิจดิจิทัล เทคโนโลยีดิจิทัล โมเดลทางธุรกิจในเศรษฐกิจดิจิทัล แรงขับเคลื่อนการเปลี่ยนแปลง ระบบนิเวศพันธมิตรดิจิทัล กรณีศึกษาเกี่ยวกับหัวข้อเศรษฐกิจดิจิทัล', 'Introduction to digital economy; digital technologies; business models in the digital economy; drivers of change; digital partner ecosystem; case studies on the topic of digital economy', 3, 100, 0),
(1101223, 'โครงงานการปรับเปลี่ยนองค์กรเข้าสู่ความเป็น\r\nดิจิทัล', 'Project in Digital Transformation', 'การพัฒนาโครงงานตามหัวข้อที่ก าหนดด้านการปรับเปลี่ยนองค์กรเข้าสู่ความเป็นดิจิทัล บนพื้นฐานของความคิดเชิงสร้างสรรค์ หรือการคิดเชิงออกแบบ', 'Project development on selected topics on digital transformation based on creativity or design thinking', 2, 100, 0),
(1101231, 'คอมพิวเตอร์สมรรถนะสูง', 'High Performance Computing', 'สถาปัตยกรรมคอมพิวเตอร์สมรรถนะสูง การโปรแกรมตามมาตรฐานเอ็มพีไอและโอเพ่นเอ็ม พี การโปรแกรมแบบมัลติเทรด การประเมินและวิเคราะห์สมรรถนะของโปรแกรม ไอโอแบบขนาน การค านวณแบบกริด การค านวณแบบคลาวด์ การทนต่อข้อผิดพร่อง การจินตทัศน์ข้อมูล แนวโน้มของ คอมพิวเตอร์สมรรถนะสูง', 'High performance computing architecture; MPI and Open MP programming; multi-thread programming; programming performance evaluation and analysis; parallel I/O; grid computing; cloud computing; fault-tolerance; data visualization; high performance computing trends ', 3, 100, 0),
(1101232, 'สถาปัตยกรรมข้อมูลขนาดใหญ่', 'Big Data Architecture', 'ระบบนิเวศของฮาดูป แม็พรีดิวซ์ ระบบแฟ้มข้อมูลแบบกระจายของฮาดูป ฮาดูปไอโอ การ พัฒนาโปรแกรมประยุกต์แม็พรีดิวซ์ ยาน การสร้างฮาดูปคลัสเตอร์ การบริหารฮาดูป พิก ไฮฟ์ เฮชเบส ซูคีป เปอร์ สกูป แนวโน้มของสถาปัตยกรรมข้อมูลขนาดใหญ', 'Hadoop ecosystem; MapReduce; Hadoop distributed filesystem; Hadoop I/O; Developing a MapReduce Application; YARN; Setting up a Hadoop cluster; Administrating Hadoop; Pig; Hive; HBase; ZooKeeper; Sqoop; big data architecture trends ', 3, 100, 0),
(1101233, 'โครงงานเทคโนโลยีข้อมูลขนาดใหญ่', 'Project in Big Data Technology', 'การพัฒนาโครงงานตามหัวข้อที่ก าหนดด้านเทคโนโลยีข้อมูลขนาดใหญ่ บนพื้นฐานของ ความคิดเชิงสร้างสรรค์ หรือการคิดเชิงออกแบบ เช่น การพัฒนาโปรแกรมประยุกต์ด้วยระบบนิเวศฮาดูป ส าหรับองค์กร การพัฒนาโปรแกรมประยุกต์ด้วยระบบนิเวศฮาดูปเพื่อวัตถุประสงค์เฉพาะ', 'Project development on selected topics on big data technology based on creativity or design thinking: application development with Hadoop ecosystem for organizations, application development with Hadoop ecosystem for specific purpose', 2, 100, 0),
(1101241, 'วิศวกรรมข้อมูล', 'Data Engineering', 'แนวคิดเกี่ยวกับวิศวกรรมข้อมูล เทคนิคด้านวิศวกรรมข้อมูล การออกแบบการบูรณาการ ข้อมูล สถาปัตยกรรมการบูรณาการข้อมูล แนวคิดการบูรณาการข้อมูลแบบการประมวลผลเชิงกลุ่มและ การประมวลผลแบบเวลาจริง แนวคิดด้านคุณภาพข้อมูล และเทคนิคการท าความสะอาดข้อมูล', 'Concepts of data engineering; data engineering techniques, data integration design and architecture, batch-processing and real-time data integration concepts, data quality concept and data cleansing techniques', 3, 100, 0),
(1101242, 'วิศวกรรมเนื้อหาสื่อสังคม', 'Social Media Content Engineering', 'ความรู้พื้นฐานเกี่ยวกับการวิเคราะห์เนื้อหาสื่อสังคม ข้อมูลสื่อสังคม แหล่งข้อมูลสื่อดิจิทัล ส าหรับการวิเคราะห์เนื้อหาสื่อสังคม เครื่องมือส าหรับสื่อสังคม อาทิ การติดตามสื่อสังคม การบริหารจัดการ สื่อสังคม การตลาดสื่อสังคม และการวิเคราะห์สื่อสังคม กระบวนการวิเคราะห์เนื้อหาสื่อสังคม ได้แก่ การระบุ ข้อมูล การแปลงข้อมูล การสร้างแบบจ าลองข้อมูล และการตีความสารสนเทศ กรณีศึกษาของการวิเคราะห์ เนื้อหาสื่อสังคม', 'Introduction to social media content analysis; social media data; digital media sources for social media analytics; social media tools such as social media monitoring, social media management, social media marketing, and social media analytics; processes of social media content analysis: data identification, data transformation, data model construction, and information interpretation; case studies of social media content analysis', 3, 100, 0),
(1101243, 'โครงงานวิศวกรรมข้อมูล', 'Project in Data Engineering', 'การพัฒนาโครงงานตามหัวข้อที่ก าหนดด้านวิศวกรรมข้อมูล บนพื้นฐานของความคิดเชิง สร้างสรรค์ หรือการคิดเชิงออกแบบ เช่น การพัฒนาโปรแกรมประยุกต์วิศวกรรมข้อมูลส าหรับองค์กร การพัฒนาโปรแกรมประยุกต์วิศวกรรมข้อมูลเพื่อวัตถุประสงค์เฉพาะ', 'Project development on selected topics on big data technology based on creativity or design thinking: application development with data engineering for organizations, application development with data engineering for specific purpose', 2, 100, 0),
(1101251, 'สถิติเพื่อการวิเคราะห์ข้อมูล', 'Statistics for Data Analytics', 'ความรู้เบื้องต้นทางสถิติ ประชากรและกลุ่มตัวอย่าง การแจกแจงความน่าจะเป็น ได้แก่ แบบปกติ แบบที แบบเอฟ และแบบไคสแควร์ สถิติเชิงบรรยาย ได้แก่ การแจกแจงความถี่ การวัดแนวโน้มเข้า สู่ส่วนกลาง การวัดการกระจาย สถิติเชิงอ้างอิง ได้แก่ การประมาณค่าพารามิเตอร์แบบจุดและแบบช่วง การทดสอบสมมุติฐาน ได้แก่ สถิติมีพารามิเตอร์และไม่ใช้พารามิเตอร์สัมประสิทธิ์สหสัมพันธ์', 'Introduction to statistics; Population and Sample; Probability Distribution: Normal Distribution, T Distribution, F Distribution, and the Chi- Square Distribution; Descriptive Statistics: Frequency Distributions, Measures of Central Tendency, Measures of Dispersion; Inferential Statistics: Point and Interval Estimations, Hypothesis Testing: Parameter and NonParametric Statistics, Correlation Coefficient', 3, 100, 0),
(1101252, 'สถิติขั้นสูงเพื่อการวิเคราะห์ข้อมูล', 'Advanced Statistics for Data Analytics', 'สหสัมพันธ์พหุคูณ สหสัมพันธ์แยกส่วน สหสัมพันธ์คาโนนิคอล การวิเคราะห์ความแปรปรวน พหุคูณ การวิเคราะห์ความแปรปรวนร่วม การวิเคราะห์การถดถอยพหุคูณ การวิเคราะห์องค์ประกอบ การวิเคราะห์จ าแนกกลุ่ม', 'Multiple Correlation; Partial Correlation; Canonical Correlation; Multivariate Analysis of Variance; Analysis of Covariance; Multiple Regression; Factor Analysis; Discriminant Analysis', 3, 100, 0),
(1101253, 'โครงงานสถิติเพื่อการวิเคราะห์ข้อมูล', 'Project in Statistics for Data Analytics', 'การพัฒนาโครงงานตามหัวข้อที่ก าหนดโดยใช้สถิติเพื่อการข้อมูล บนพื้นฐานของความคิด เชิงสร้างสรรค์ หรือการคิดเชิงออกแบบ เช่น การวิจัยเชิงปริมาณและเชิงคุณภาพทางวิทยาการดิจิทัลโดยใช้ สถิติเพื่อการวิเคราะห์ข้อมูล', 'Project development on selected topics on statistics for data analytics based on creativity or design thinking: quantitative and qualitative research in digital sciences using statistics for data analytics', 2, 100, 0),
(1101261, 'คลังข้อมูล', 'Data Warehousing', 'ทฤษฎี หลักการ และสถาปัตยกรรมของคลังข้อมูล เทคนิคการใช้ข้อมูลในคลังข้อมูล แนวคิด เบื้องต้นเกี่ยวกับการค้นหาความรู้จากฐานข้อมูล กรณีศึกษาเกี่ยวกับ คลังข้อมูลธุรกิจ', 'Data warehouse theory, concept, and architecture; data using techniques in data warehouse; fundamental concepts of knowledge discovery in databases; case studies of business data warehousing', 3, 100, 0),
(1101262, 'การทำเหมืองข้อมูล', 'Data Mining', 'แนวคิดการค้นพบความรู้จากฐานข้อมูลและการท าเหมืองข้อมูล การเตรียมข้อมูล การจ าแนก ข้อมูล การจัดกลุ่มข้อมูล และการวิเคราะห์กฎความสัมพันธ์ของข้อมูล กรณีศึกษาเกี่ยวกับการท าเหมืองข้อมูล ธุรกิจ', 'Concepts of knowledge discovery in databases and data mining; data preprocessing, classification, clustering, and association rules analysis; case studies of business data mining', 3, 100, 0),
(1101263, 'โครงงานการค้นพบความรู้จากฐานข้อมูล', 'Project in Knowledge Discovery in\r\nDatabase', 'การพัฒนาโครงงานตามหัวข้อที่ก าหนดด้านการค้นหาความรู้ในฐานข้อมูล บนพื้นฐานของ ความคิดเชิงสร้างสรรค์ หรือการคิดเชิงออกแบบ เช่น การท าเหมืองข้อมูลในองค์กร การพัฒนาโปรแกรม ประยุกต์เพื่อการท าเหมืองข้อมูล', 'Project development on selected topics on knowledge discovery in database based on creativity or design thinking: data mining for organizations, application development for data mining', 2, 100, 0),
(1101271, 'ปัญญาประดิษฐ์เบื้องต้น', 'Aritificial Intelligence Foundation', 'ความรู้เบื้องต้นเกี่ยวกับปัญญาประดิษฐ์ การแทนความรู้ โครงสร้างความจ า กลไกการหา เหตุผล การหาเหตุผลแบบน่าจะเป็นและเทคนิคการค้นหา ทฤษฎีเกม การวางแผน การเรียนรู้ของเครื่อง การค านวณเชิงวิวัฒนาการ', 'Introduction to artificial intelligence; knowledge representation; memory structures; reasoning mechanisms; probabilistic reasoning and searching techniques; games theory; planning; machine learning; evolutionary computation', 3, 100, 0),
(1101272, 'การประมวลผลภาษาธรรมชาต', 'Natural Language Processing', 'การประมวลผลภาษาธรรมชาติ ภาษาศาสตร์เชิงค านวณ ทฤษฎีสารสนเทศ การวิเคราะห์ หน่วยค า ตัวแบบภาษา การวิเคราะห์เชิงวากยสัมพันธ์ การวิเคราะห์เชิงความหมาย ความรู้เบื้องต้นเกี่ยวกับ ตรรกศาสตร์คลุมเครือ ระบบผู้เชี่ยวชาญ', 'Natural language processing; computational linguistic; information theory; morphological analysis; language models; syntactical analysis; semantic analysis; introduction to fuzzy logic; expert systems', 3, 100, 0),
(1101273, 'โครงงานปัญญาประดิษฐ์สำหรับการวิเคราะห์ข้อมูล', 'Project in Artificial Intelligence for Data Analytics', 'การพัฒนาโครงงานตามหัวข้อที่ก าหนดด้านปัญญาประดิษฐ์เพื่อการข้อมูลบนพื้นฐานของ ความคิดเชิงสร้างสรรค์ หรือการคิดเชิงออกแบบ เช่น การวิเคราะห์ข้อมูลภาษาธรรมชาติ การโปรแกรม แช็ตบอต', 'Project development on selected topics on artificial intelligence for data analytics based on creativity or design thinking: natural language data analytics, chatbot programming', 2, 100, 0),
(1101281, 'ธุรกิจอัจฉริยะ', 'Business Intelligence', 'แนวคิดเกี่ยวกับธุรกิจอัจฉริยะและระบบสนับสนุนการตัดสินใจ ประเภทและกระบวนการ ตัดสินใจ ลักษณะสารสนเทศส าหรับธุรกิจอัจฉริยะและเพื่อสนับสนุนการตัดสินใจ การพัฒนาแบบจ าลองเพื่อ สนับสนุนการตัดสินใจ แนวทางการพัฒนาระบบสนับสนุนการตัดสินใจ การวิเคราะห์ข้อมูลธุรกิจ บทบาทของ นักวิทยาศาสตร์ข้อมูล กรณีศึกษาธุรกิจอัจฉริยะและระบบสนับสนุนการตัดสินใจในองค์กร ระบบสารสนเทศ ส าหรับผู้จัดการระดับสูงและระบบผู้เชี่ยวชาญ ซอฟต์แวร์ด้านธุรกิจอัจฉริยะและระบบสนับสนุนการตัดสินใจ ', 'Concepts of business intelligence and decision making support systems; types and processes of decision making; information characteristics for business intelligence and decision making support; development of models of decision making support systems; business intelligence and decision making support systems development and implementation; business data analytics; role of data scientist; case studies of business intelligence and decision making support systems in organizations; executive information systems and expert systems; software of business intelligence and decision making support system', 3, 100, 0),
(1101282, 'การจินตทัศน์สารสนเทศ', 'Information Visualization', 'แนวคิดเกี่ยวกับการจินตทัศน์ข้อมูลและสารสนเทศ การเห็น ความจ า การรู้จ า และทฤษฎีที่ เกี่ยวข้องกับการจินตทัศน์ข้อมูล การจินตทัศน์ข้อมูลรูปแบบต่าง ๆ เช่น อนุกรมเวลา สถิติ แผนที่ ล าดับชั้น เครือข่าย เป็นต้น ศิลปะและจิตวิทยาในการจินตทัศน์ข้อมูล เช่น สี ตัวอักษร ภาพ ภาพเคลื่อนไหว เป็นต้น การเล่าเรื่องด้วยข้อมูล อินโฟกราฟิกส์ การประเมินประสิทธิผลของการจินตทัศน์ การใช้ซอฟต์แวร์ เพื่อการจินตทัศน์สารสนเทศ', 'Concepts of data and information visualization; vision, memory, cognition and related theories of visualization; visualization formats: time series, statistics, maps, hierarchies, networks, etc. ; arts and phycology in information visualization: colors, texts, images, animations; story-telling with data; infographics; visualization effectiveness evaluation; using software for information visualization', 3, 100, 0),
(1101283, 'โครงงานธุรกิจอัจฉริยะและการจินตทัศน์สารสนเทศ\r\n', 'Project in Business Intelligence and Information Visualization', 'การพัฒนาโครงงานตามหัวข้อที่ก าหนดด้านธุรกิจอัจฉริยะและการจินตทัศน์สารสนเทศ บนพื้นฐานของความคิดเชิงสร้างสรรค์ หรือการคิดเชิงออกแบบ หรือตามความสนใจของนักศึกษา โดยความ เห็นชอบจากอาจารย์ผู้สอน', 'Project development on selected topics on business intelligence and information visualization based on creativity or design thinking or according to the student’s interest with approval from instructor', 2, 100, 0),
(1101291, 'กลยุทธ์ทางธุรกิจเชิงลึก', 'Strategic Business Insights', 'แนวคิดเกี่ยวกับกลยุทธ์ทางธุรกิจเชิงลึก การออกแบบธุรกิจ การน าเสนอคุณค่า พลวัตรทาง ธุรกิจ กลยุทธ์ทางธุรกิจ การวางแผนและการยึดโยงทางกลยุทธ์ พลวัตรด้านการตลาด พลวัตรด้านทรัพยากร พลวัตรด้านการแข่งขัน พลวัตรด้านคุณค่า การน ากลยุทธ์ไปสู่การปฏิบัติ การปรับการยึดโยงการด าเนินงาน กลยุทธ์เพื่อการสร้างธุรกิจรูปแบบใหม', 'Concepts of strategic business insights; business design; value propositions; business dynamics; business strategy; planning and strategic alignment; market dynamics; resource dynamics; competitive dynamics; value dynamics; strategy execution; operational realignment; disruptive strategic', 3, 100, 0),
(1101292, 'การวิเคราะห์ธุรกิจที่ขับเคลื่อนด้วยข้อมูล', 'Data-Driven Business Analytics', 'องค์ประกอบของผลการปฏิบัติงานขององค์การ การยึดโยงทางธุรกิจ การประยุกต์ใช้สถิติ การเรียนรู้ของเครื่อง และปัญญาประดิษฐ์ในการวิเคราะห์ข้อมูลทางธุรกิจเพื่อ การวัด การประเมิน และการ ปรับปุรงประสิทธิภาพ ของกลยุทธ์และการปฏิบัติงาน การวิเคราะห์ความเสี่ยงของการด าเนินงาน กรณีศึกษา การวิเคราะห์ธุรกิจที่ขับเคลื่อนด้วยข้อมูล', 'Elements of organizational performance; business alignment; applying statistics, machine learning, and artificial intelligence in business data analytics in measurement, evaluation and improvement of operational and strategic performance; operation risk analysis; case studies in the topics of data-driven business analytics', 3, 100, 0),
(1101293, 'โครงงานธุรกิจเชิงลึกและการวิเคราะห์ข้อมูล', 'Project in Business Insights and Data\r\nAnalytics', 'การพัฒนาโครงงานตามหัวข้อที่ก าหนดด้านธุรกิจเชิงลึกและการวิเคราะห์ข้อมูล บนพื้นฐาน ของความคิดเชิงสร้างสรรค์ หรือการคิดเชิงออกแบบ หรือตามความสนใจของนักศึกษา โดยความเห็นชอบจาก อาจารย์ผู้สอน', 'Project development on selected topics on Business Insights and Data Analytics based on creativity or design thinkingor according to the student’s interest with approval from instructor', 2, 100, 0),
(1101301, 'การออกแบบเมทาดาทา', 'Metadata Design', 'หลักการของเค้าร่างเมทาดาทาและแอพพลิเคชั่นโพรไฟล์ ประเภทของเมทาดาทา เมทาดาทา ธุรกิจ เมทาดาทาเชิงเทคนิค เมทาดาทาโมเดล กระบวนการออกแบบเมทาดาทา การบริหารจัดการเมทาดาทา เมทาดาทากับบิ๊กดาตา', 'Design principles of metadata schemas and application profiles; types of metadata, business metadata, technical metadata; metadata model; metadata design process; metadata management; metadata and bigdata', 3, 100, 0),
(1101302, 'การค้นคืนสารสนเทศ', 'Information Retrieval', 'หลักการและแนวคิดในการค้นคืนสารสนเทศ กระบวนการ กลวิธีและเทคนิคในการค้นคืน สารสนเทศ หลักการท างานพื้นฐานของโปรแกรมค้นหา การออกแบบส่วนต่อประสานกับผู้ใช้ส าหรับระบบการจัดเก็บ และค้นคืนสารสนเทศ และการประเมินระบบการค้นคืนสารสนเทศ', 'Principles and concepts of information retrieval; information retrieval process, search strategies and techniques, basic principles of search engine, user interface design for information retrieval systems, evaluation of information retrieval systems ', 3, 100, 0),
(1101303, 'โครงงานการจัดการเมทาดาทา\r\n', 'Project in Metadata Management', 'การพัฒนาโครงงานตามหัวข้อที่ก าหนดด้านการออกแบบและบริหารจัดการเมทาดาทา บน พื้นฐานของความคิดเชิงสร้างสรรค์ หรือการคิดเชิงออกแบบ เช่น การออกแบบเมทาดาส าหรับข้อมูลทางธุรกิจ การพัฒนาคลังเมทาดาทาขององค์กร การวางแผนการบริหารจัดการคลังเมทาดาทาขององค์กร', 'Project development on selected topics on metadata based on creativity or design thinking: metadata design for business data, metadata repository development, organization metadata repository management ', 2, 100, 0),
(1101311, 'เครื่องมือคลังข้อมูลดิจิทัล', 'Digital Repository Tools', 'กิจกรรมในการก าหนด การเลือก และการสร้างคลังข้อมูลดิจิทัล ปริทัศน์แนวทางการตัดสินใจ เบื้องต้นในขั้นตอนก่อนเริ่มพัฒนา และระหว่างการพัฒนาคอลเล็กชั่นและโปรแกรมคลังข้อมูลดิจิทัล การระบุ หน้าที่ในกระบวนการสร้างและปรับใช้คลังข้อมูลดิจิทัล รวมถึงมาตรฐาน และกรณีศึกษาที่ประสบความส าเร็จ ในการสร้างคลังข้อมูลดิจิทัล การท าเมทาดาทาและเนื้อหาในสถานการณ์จริง แนวทางการก าหนดกลยุทธ์การ บริหารจัดการ นโยบาย และประเด็นเกี่ยวกับการสงวนรักษาข้อมูลในระยะยาว การท าการตลาดคลังข้อมูลดิจิทัล', 'Activities that focus on defining, selecting, and implementing digital repositories (DRs) and a review of basic decisions that must be made before and during the development of a digital collection and digital repository program. The addressing the role in DR construction and deployment; the standards, best practices case studies, and realities of content and metadata deposit; the strategies for developing administrative structures; policies; the longterm preservation concerns; and marketing a repository.', 3, 100, 0),
(1101312, 'เทคโนโลยีและระบบห้องสมุด', 'Library Systems and Technology', 'หลักการส าหรับการออกแบบ การเลือก การพัฒนาและการจัดการระบบอัตโนมัติทุกประเภทใน ห้องสมุด รวมถึงระบบเชิงเทคนิคในกระบวนการบริการ การอ้างอิงและบริการผู้ใช้ และการจัดการ มุ่งเน้นไปที่การ ประยุกต์ใช้เทคโนโลยีในห้องสมุดทั้งในปัจจุบันและอนาคต คุณสมบัติทางเทคนิคและผลกระทบที่มีต่อบริการและ การจัดการห้องสมุด', 'Principles for the designing, selecting, implementing and management of automated systems of all types in libraries, including systems for technical services processing, reference and user services and management. Focus is on present and future applications of technology in libraries, their technical features, and their implications for library services and management.', 3, 100, 0),
(1101313, 'โครงงานคลังข้อมูลดิจิทัลและเทคโนโลยี\r\nห้องสมุด', 'Project in Digital Repository and Library\r\nTechnology', 'การพัฒนาโครงงานตามหัวข้อที่ก าหนดเกี่ยวกับคลังข้อมูลดิจิทัลและเทคโนโลยีห้องสมุด บน พื้นฐานของความคิดเชิงสร้างสรรค์ หรือการคิดเชิงออกแบบ เช่น การออกแบบ เลือกใช้ และพัฒนาโปรแกรม มคอ.2 ก-56 คลังข้อมูลดิจิทัลส าหรับจัดท าจดหมายเหตุดิจิทัล การออกแบบ เลือกใช้และและพัฒนาระบบงานห้องสมุดและ ศูนย์สารสนเทศ', 'Project development on selected topics on digital repository and library technology based on creativity or design thinking: design select development or implement digital repository for digital archives, design select and development library systems and information center.', 2, 100, 0),
(1101321, 'การจัดการความรู้', 'Knowledge Management', 'ความหมายและความส าคัญของความรู้ประเภทและระดับของความรู้ กรอบแนวคิดการ จัดการความรู้กระบวนการของการจัดการความรู้การสร้างและการใช้ความรู้ในองค์กร ระบบการจัดเก็บและ ค้นคืนองค์ความรู้การจัดการความรู้และบิ๊กดาตา ', 'Definition and importance of knowledge; types and levels of knowledge; knowledge management frameworks; components of knowledge management; knowledge management process; knowledge creation and use in organization; knowledge storage and retrieval systems; knowledge management and big data', 3, 100, 0),
(1101322, 'ระบบในการจัดระบบความรู้', 'Knowledge Organization Systems', 'ความรู้พื้นฐานเกี่ยวกับระบบในการจัดการความรู้ ศัพท์ควบคุม ประเภทของระบบจัดการความรู้ ไฟล์รายการควบคุม โครงสร้างการจัดหมวดหมู่ ธิซอรัส ปัจเจกวิธาน ผังความสัมพันธ์ ออนโทโลยี เพื่อช่วยใน การเข้าถึงและค้นคืนข้อมูล', 'Fundamental for knowledge organization systems (KOS); controlled vocabulary; types of KOS – authority files, classification schemes, thesauri, folksonomy, topic maps, ontologies etc., that facilitate access and retrieval', 3, 100, 0),
(1101323, 'โครงงานการจัดการความรู้', 'Project inKnowledge Management', 'การพัฒนาโครงงานตามหัวข้อที่ก าหนดด้านการพัฒนาระบบการจัดเก็บและค้นคืนความรู้บน พื้นฐานของความคิดเชิงสร้างสรรค์ หรือการคิดเชิงออกแบบ เช่น การสร้างโพรไฟล์ความรู้และผังความสัมพันธ์ ของความรู้ การพัฒนาธิซอรัส การพัฒนาออนโทโลยี การออกแบบและพัฒนาระบบการจัดเก็บและค้นคืน ความรู้ขององค์กร', 'Project development on selected topics on knowledge storage and retrieval system based on creativity or design thinking: building knowledge profile and knowledge map, thesaurus development, ontology development, design and development of knowledge storage and retrieval system', 2, 100, 0),
(1101331, 'หลักการพื้นฐานในการดูแลรักษาข้อมูลดิจิทัล', 'Fundamental of Data Curation', 'แนวคิดหลักและวิธีการในการจัดการและดูแลรักษาข้อมูล/สารสนเทศดิจิทัล ข้อมูลและวัฏจักรของ ข้อมูล วัฏจักรของการดูแลรักษาข้อมูล (การสร้าง การคัดเลือก การน าเข้า การสงวนรักษา การจัดเก็บ การเข้าถึง การ ใช้ และการทรานสฟอร์ม) ธรรมาภิบาลข้อมูล การวางแผนบริหารจัดการข้อมูล', 'Key concepts and strategies to manage and curate the digital data/information; data and data lifecycle; digital/data curation lifecycles (create, select, ingest, preserve, store, access use reuse, transform); data governance; data management plans ', 3, 100, 0),
(1101332, 'การสงวนรักษาข้อมูลดิจิทัล', 'Digital Preservation', 'ความรู้พื้นฐานเกี่ยวกับการสงวนรักษาข้อมูลดิจิทัล กรอบแนวคิดในการสงวนรักษาข้อมูลดิจิทัล ข้อมูลดิจิทัล วิธีการในการสงวนรักษาข้อมูลดิจิทัล การวางแผนการสงวนรักษาข้อมูลดิจิทัล เมทาดาทาส าหรับการ สงวนรักษาข้อมูลดิจิทัล การจัดการการจัดเก็บและเทคโนโลยีคลังข้อมูลดิจิทัล การสงวนรักษาอย่างยั่งยืน จริยธรรม ในการเข้าถึง และการใช้ การจัดการด้านสิทธิ', 'Fundamentals of digital preservation; digital preservation framework; digital object;strategies for digital preservation; preservation planning; preservation metadata; storage management and digital repository technology; sustainable preservation; ethical access and use, rights management', 3, 100, 0),
(1101333, 'โครงงานการดูแลรักษาข้อมูลดิจิทัล', 'Project in Data Curation', 'การพัฒนาโครงงานตามหัวข้อที่ก าหนดด้านการดูแลรักษาข้อมูลดิจิทัลและการสงวนรักษา ข้อมูลดิจิทัล บนพื้นฐานของความคิดเชิงสร้างสรรค์ หรือการคิดเชิงออกแบบ เช่น การวางแผนในการการดูแล รักษา/การสงวนรักษาข้อมูลดิจิทัลจององค์กร การวางแผนบริหารจัดการข้อมูลขององค์กร การออกแบบและ พัฒนาคลังข้อมูลดิจิทัลประเภทต่าง ๆ ', 'Project development on selected topics on data curation and digital preservation based on creativity or design thinking: data curation/digital preservation planning, data management planning, design and development of digital repositories ', 2, 100, 0),
(1101341, 'การจัดระบบสารสนเทศ\r\n', 'Information Organization', 'แนวคิดและทฤษฎีในการจัดระบบสารสนเทศ แบบแผนและระบบการจัดหมวดหมู่ความรู้ การควบคุมการใช้ค าศัพท์ ภาษาดรรชนี การปรับใช้เพื่อการสืบค้นสารสนเทศ ', 'Concepts and theories of information organization; knowledge classification schemes; vocabulary control; index language; implications for searching', 3, 100, 0),
(1101342, 'การวิเคราะห์สารสนเทศ', 'Information Analysis', 'แนวคิดพื้นฐานและหลักเกณฑ์การท ารายการและการควบคุมรายการบรรณานุกรม การสร้าง การดูแลรักษา และการประเมินรายการบรรณานุกรม หลักเกณฑ์การลงรายการแบบแองโกลอเมริกันฉบับ พิมพ์ครั้งที่ 2 (ฉบับแก้ไขปรับปรุงเพิ่มเติม) (เอเอซีอาร์2อาร์) มาตรฐานการลงรายการและการเข้าถึงทรัพยากร (อาร์ดีเอ) การบันทึกข้อมูลตามมาตรฐานของมาร์ค ', 'Fundamental concepts and rules of cataloging bibliographic control; creation, maintenance, and evaluation of bibliographic records; the Anglo-American Cataloging Rules, 2nd revised edition ( AACR2R) ; Resource Description and Access (RDA) ; Machine Readable Record (MARC) ', 3, 100, 0),
(1101343, 'โครงงานการจัดระบบและการวิเคราะห์\r\nสารสนเทศ\r\n', 'Project in Information Organization and\r\nAnalysis', 'การจัดท าโครงงานตามหัวข้อที่ก าหนดด้านการจัดระบบและการวิเคราะห์สารสนเทศ บน พื้นฐานของความคิดเชิงสร้างสรรค์ หรือการคิดเชิงออกแบบ เช่น การออกแบบและพัฒนาระบบการจัดระบบ สารสนเทศ การจัดระบบและการวิเคราะห์สารสนเทศท้องถิ่น การจัดระบบและการวิเคราะห์สารสนเทศ สื่อมวลชน การจัดระบบและการวิเคราะห์วัสดุสารสนเทศขององค์การและสถาบันต่าง ๆ', 'The project on a topic related to information organization and analysis based on creativity or design thinking: information organization system design and development, organizing and analyzing local information, organizing and analyzing mass media information, organizing and analyzing information objects in the organizations and institutions', 2, 100, 0),
(1101351, 'แหล่งและบริการสารสนเทศ', 'Information Sources and Services', 'แนวคิด ขอบเขต และประเภทของแหล่งสารสนเทศ การเลือกแหล่งสารสนเทศ การประเมิน แหล่งสารสนเทศ หลักการจัดการบริการสารสนเทศโดยเน้นผู้ใช้ หลักการตลาด การประชาสัมพันธ์ และการ สื่อสารเพื่อการจัดบริการสารสนเทศ การจัดบริการให้ตรงกับความคาดหวัง การสร้างความพึงพอใจ การ จัดการความสัมพันธ์กับลูกค้า', 'Concepts, scope, and types of information sources; information sources selection; evaluation of information resources; principles of user-centered service; principles of marketing, public relations, and communication for information service; service provision according to user’s expectation; user’s satisfaction promotion; customer relationship management', 3, 100, 0),
(1101352, 'การออกแบบประสบการณ์สารสนเทศ', 'Designing Information Experience', 'แนวคิดและหลักการในการออกแบบประสบการณ์สารสนเทศ วงจรการออกแบบที่เน้นผู้ใช้เป็น ศูนย์กลาง การรวบรวมและวิเคราะห์ความต้องการเกี่ยวกับประสบการณ์สารสนเทศของผู้ใช้ การออกแบบ ประสบการณ์สารสนเทศที่เน้นผู้ใช้เป็นศูนย์กลาง การออกแบบบริการและเครื่องมือที่เหมาะสมส าหรับการน าส่งและ เผยแพร่สารสนเทศที่เน้นผู้ใช้เป็นศูนย์กลาง', 'Concept and principles in information experience design; user-centered design life cycle; collection and analysis of user’s information experience need; user-centered information experience design; appropriate services and tools design for user-centered information delivery and dissemination', 3, 100, 0),
(1101353, 'โครงงานการจัดการบริการสารสนเทศ', 'Project in Information Service\r\nManagement', 'การจัดท าโครงงานตามหัวข้อที่ก าหนดด้านการจัดการบริการสารสนเทศ บนพื้นฐานของ ความคิดเชิงสร้างสรรค์ หรือการคิดเชิงออกแบบ เช่น การศึกษาผู้ใช้สารสนเทศ การวิเคราะห์ความต้องการ และการแสวงหาสารสนเทศของผู้ใช้สารสนเทศ การออกแบบบริการและเครื่องมือที่เหมาะสมส าหรับการน าส่ง และเผยแพร่สารสนเทศ การประเมินการจัดบริการสารสนเทศและเผยแพร่สารสนเทศ', 'The project on a topic related to information service management based on creativity or design thinking: information users studies, analysis of user’s information need and seeking, designing appropriate service and tool for information delivery and dissemination, evaluation of information service and dissemination', 2, 100, 0),
(1101361, 'การจัดการเอกสาร', 'Records Management', 'แนวคิดและทฤษฎีการจัดการเอกสาร ลักษณะและประเภทของเอกสาร การรวบรวม การจัดระบบ การเผยแพร่และให้บริการ การประเมินคุณค่า การอนุรักษ์และบ ารุงรักษาเอกสาร การ ประยุกต์ใช้เทคโนโลยีดิจิทัลในการจัดการเอกสาร', 'Concepts and theories of records management; characteristics and types of records; collection, organization, distribution and service, evaluation, preservation and conservation of records; application of digital technology in records management', 3, 100, 0),
(1101362, 'การจัดการจดหมายเหตุและต้นฉบับตัวเขียน', 'Archives and Manuscripts Management', 'แนวคิด ลักษณะ และประเภทของวัสดุจดหมายเหตุและต้นฉบับตัวเขียน การรวบรวม การจัดระบบ การเผยแพร่และให้บริการ การอนุรักษ์และบ ารุงรักษาจดหมายเหตุและต้นฉบับตัวเขียน การประยุกต์ใช้เทคโนโลยีดิจิทัลในการจัดการจดหมายเหตุและต้นฉบับตัวเขียน', 'Concepts, characteristics and types of archival materials and manuscripts; collection; organization; distribution and service; preservation and conservation of archival materials and manuscripts; application of digital technology in archival and manuscript management', 3, 100, 0),
(1101363, 'โครงงานการจัดการสารสนเทศสำนักงาน', 'Project in Office Information\r\nManagement', 'การจัดท าโครงงานตามหัวข้อที่ก าหนดด้านการจัดการเอกสารและจดหมายเหตุ บนพื้นฐาน ของความคิดเชิงสร้างสรรค์ หรือการคิดเชิงออกแบบ เช่น การรวบรวมและจัดระบบเอกสารและจดหมายเหตุ การออกแบบและพัฒนาเครื่องมือเพื่อการเข้าถึงเอกสารและจดหมายเหตุ การให้บริการและเผยแพร่เอกสาร และจดหมายเหตุ การอนุรักษ์และบ ารุงรักษาเอกสารและจดหมายเหตุ ', 'The project on a topic related to records and archives management based on creativity or design thinking: collection and organization of records and archives, design and development tools for access records and archives, dissemination and service of records and archives, preservation and conservation of records and archives', 2, 100, 0),
(1101911, 'โครงงานเทคโนโลยีดิจิทัล 1', 'Project in Digital Technology I', 'ค่ายการคิดเชิงออกแบบ การออกแบบและพัฒนาโครงงานตามหัวข้อที่ก าหนด เช่น ระบบสารสนเทศส าหรับองค์กร ระบบสารสนเทศเพื่อวัตถุประสงค์เฉพาะ ', 'Design thinking camp, project design and development on selected topics: information systems for organizations, information systems for specific purposes ', 3, 100, 0),
(1101912, 'โครงงานเทคโนโลยีดิจิทัล 2', 'Project in Digital Technology II', 'การออกแบบและพัฒนาโครงงานตามหัวข้อที่ก าหนด เช่น ระบบสารสนเทศส าหรับองค์กร ระบบสารสนเทศเพื่อวัตถุประสงค์เฉพาะ การจัดแสดงโครงงานเทคโนโลยีดิจิทัล', 'Project design and development on selected topics: information systems for organizations, information systems for specific purposes, Digital Technology project exhibition', 3, 100, 0),
(1101913, 'ผู้ประกอบการธุรกิจเทคโนโลยีดิจิทัล', 'Digital Technopreneur', 'การศึกษาเกี่ยวกับความเป็นผู้ประกอบการและธุรกิจเทคโนโลยีดิจิทัล การวิเคราะห์และ ศึกษาความเป็นไปได้ ของโครงการในด้านต่าง ๆ รวมถึงการจัดทาแผนธุรกิจอย่างง่าย ได้แก่ การสร้างความคิด ทางธุรกิจและสร้างมูลค่าเพิ่มของแนวคิด/ผลิตภัณฑ์ ด้านการวิจัย/พัฒนาและนาผลิตภัณฑ์ไปสู่เชิงพาณิชย์ ด้านการตลาด ด้านการจัดโครงสร้างองค์การ ด้านการผลิต ด้านการเงินและภาษีอากร เพื่อให้สามารถเริ่มต้น ธุรกิจและสามารถพัฒนาเป็นผู้ประกอบการธุรกิจเทคโนโลยีดิจิทัลที่เติบโตอย่างยั่งยืน', 'The study of entrepreneurship and digital technology business, analysis and feasibility studies of projects including simple business plan development e.g. , business idea grooming for concept/ product value creation, research and development of product for commercialization, marketing analysis, organization analysis and management, production analysis, financial and tax analysis, business start- up and the development of digital technopreneur for sustainable growth', 2, 100, 0),
(1131011, 'การวิจัยสำหรับเทคโนโลยีดิจิทัล', 'Research for Digital Technology', 'ความหมายและระเบียบวิธีวิจัย การวิจัยและพัฒนา การวิจัยเชิงคุณภาพ การวิจัยเชิงปริมาณ รูปแบบการวิจัยเทคโนโลยีดิจิทัล ขั้นตอนการวิจัยและการออกแบบการวิจัย เทคนิคการสร้างเครื่องมือวิจัย และการเก็บรวมรวมข้อมูล สถิติเพื่อการวิจัยเชิงปริมาณ การใช้ซอฟต์แวร์วิเคราะห์ข้อมูลทางสถิติ การวิเคราะห์การตีความ และการนําเสนอผลงานการวิจัย การเขียนและการประเมินข้อเสนอการวิจัยและ รายงานการวิจัย จริยธรรมและจรรยาบรรณทางวิชาการและการวิจัย ภาพรวมงานวิจัยทางด้านเทคโนโลยีดิจิทัล', 'Research definition and methodology; research and development; qualitative research; quantitative research; digital technology research paradigm; research procedure and design; techniques in research instrument construction and data collection; statistics for quantitative research; using statistical software for analyzing statistical data; data analysis, interpretation, and presentation; writing and evaluating research proposals and research articles; academic and research ethics and code of conduct; overview of research on digital science and digital media', 3, 100, 0),
(1131012, 'สัมมนา', 'Seminar', 'อภิปราย วิเคราะห์และบูรณาการความรู้และประเด็นเกี่ยวกับเทคโนโลยีดิจิทัล การบรรยายจาก ผู้ทรงคุณวุฒิในเรื่องที่คัดสรร การบรรยายและอภิปรายโดยผู้เข้าร่วมสัมมนา', 'Discussion, analysis and integration of knowledge and issues related to digital technology; lectures from experts on the selected topics; lectures and discussion by participants', 3, 100, 0),
(1131013, 'การเขียนทางวิชาการ', 'Academic Writing', 'การพัฒนาทักษะการเขียน การวางแผนการเขียนในเชิงวิชาการ การเรียงลําดับและการเชื่อมโยง ความคิดในการเขียนเชิงวิชาการ แหล่งสารสนเทศและการค้นคว้า การอ้างอิงในการเขียนทางวิชาการและ การเขียนบรรณานุกรม การเขียนโครงร่างงานวิจัย การปริทรรศน์วรรณกรรม การเขียนบทสรุปและอภิปราย ผลการวิจัย การเขียนบทคัดย่อภาษาไทยและภาษาอังกฤษ การเขียนบทความทางวิชาการ', 'quisite : None Writing skill development; academic writing planning; sequencing and linking ideas in academic writing; information resources and information searching; referencing in academic writing and bibliography; writing research proposals, literature reviews, conclusions, discussions research result; writing a Thai and English abstract and an academic article', 2, 100, 0),
(1131014, 'หัวข้อคัดสรรทางเทคโนโลยีดิจิทัล', 'Selected Topics in Digital Technology', 'หัวข้อคัดสรรตามความสนใจที่เกี่ยวข้องกับสถานการณ์ปัจจุบัน และความก้าวหน้าทางเทคโนโลยี ดิจิทัล หรือเรื่องที่เกี่ยวข้องกับหัวข้อดุษฎีนิพนธ์ของนักศึกษา', 'Selected topics of interest about current situations, advanced digital technology, or related topics for dissertation', 3, 100, 0),
(1131051, 'ความรู้พื้นฐานด้านความมั่นคงปลอดภัยของ\r\nเครือข่ายและสารสนเทศ\r\n', 'Foundation of Network and Information\r\nSecurity', 'แนวคิดด้านความมั่นคงปลอดภัยของสารสนเทศและเครือข่าย คุณสมบัติและกลไลด้านความลับของ ข้อมูล ความสมบูรณ์และความถูกต้องของข้อมูล ความสามารถในการเข้าถึงและการให้บริการ การโจมตีและ การบุกรุกประเภทต่าง ๆ การเข้ารหัสข้อมูลแบบสมมาตร การเข้ารหัสข้อมูลแบบอสมมาตร การย่อยข้อมูล การบริหารจัดการความเสี่ยง และประเด็นกฎหมายและจริยธรรมที่เกี่ยวข้อง', 'Concepts of information and network security; security characteristics and mechanisms in confidentiality; availability; threats and attacks; symmetric cryptography; asymmetric cryptography; message digests; risk management; and legal and ethical issues in information and network security', 2, 100, 0),
(1131052, 'ทฤษฎีการเข้ารหัสข้อมูลและการออกแบบโพรโท\r\nคอลการเข้ารหัส', 'Theory of Cryptography and\r\nCryptographic Protocol Design', 'แนวคิดทางคณิตศาสตร์สำหรับการเข้ารหัสข้อมูล รูปแบบและแนวทางการโจมตีการเข้ารหัสข้อมูล วิธีการพิสูจน์ตัวตน โพรโทคอลการพิสูจน์ตัวตน โพรโทคอลการเข้ารหัส การออกแบบโพรโทคอลพิสูจน์ ตัวตน การออกแบบโพรโทคอลการเข้ารหัส การวิเคราะห์ความปลอดภัยสำหรับโพรโทคอลการเข้ารหัสและ โพรโทคอลการพิสูจน์ตัวตน และกรณีศึกษาการใช้งานโพรโทคอลการเข้ารหัสและโพรโทคอลการพิสูจน์ ตัวตน', 'Mathematical concepts for cryptography; cryptanalysis methods; authentication methods; authentication protocols; cryptographic protocols; authentication protocol design; cryptographic protocol designs; security analysis for cryptographic and authentication protocols; and case studies for uses of cryptographic and authentication protocols', 3, 100, 0),
(1131053, 'ความมั่นคงปลอดภัยเครือข่าย', 'Network Security', 'ภัยคุกคามความมั่นคงปลอดภัยเครือข่าย นโยบายความมั่นคงปลอดภัยเครือข่าย ความมั่นคง ปลอดภัยของคลาวด์ เขตปลอดทหาร รายการควบคุมการเข้าถึง การออกแบบเครือข่ายมั่นคงปลอดภัยเพื่อ ป้องกันการลอบฟัง การโจมตีเพื่อปฏิเสธการให้บริหาร การเข้าถึงโดยมิได้รับอนุญาต ด่านกันบุกรุก ตัวแทน พิสูจน์ตัวจริง เครือข่ายส่วนตัวเสมือน ไอพีเส็ค แบบจำลองและวิธีการความมั่นคงปลอดภัย ', 'Network security threats; network security policy; cloud security; demilitarized zone; access control list; secure network design to prevent eavesdropping, denial of service attacks, unauthorized access; firewall; intrusion detection system; authentication proxy; virtual private networks; IPSec; security model and method', 3, 100, 0),
(1131054, 'การอภิปรายด้านการรักษาความมั่นคงปลอดภัย\r\nเครือข่ายและสารสนเทศ', 'Network and Information Security Forum', 'การอภิปรายกรณีศึกษาด้านการรักษาความมั่นคงปลอดภัยเครือข่ายและสารสนเทศ การคัดเลือก บทความวิจัยด้านการรักษาความมั่นคงปลอดภัยเครือข่ายและสารสนเทศ การอ่านบทความด้านการรักษา ความมั่นคงปลอดภัยเครือข่ายและสารสนเทศ การวิเคราะห์บทความด้านการรักษาความมั่นคงปลอดภัย เครือข่ายและสารสนเทศ การวิจัยเบื้องต้นด้านการรักษาความมั่นคงปลอดภัยเครือข่ายและสารสนเทศ', 'Discussion on case studies in network and information security; selection of network and information security research papers; reading network and information security papers; analysis of network and information security papers; and simple research on network and information security', 2, 100, 0),
(1131061, 'พื้นฐานทางปัญญาประดิษฐ์', 'Artificial Intelligence Foundation', 'หลักการปัญญาประดิษฐ์ ขอบเขต ที่มา และเทคนิคของปัญญาประดิษฐ์ ความรู้เบื้องตนเกี่ยวกับ การเรียนรู้ของเครื่อง ตรรกศาสตร์คลุมเครือ ระบบผู้เชี่ยวชาญ ความรู้เบื้องตนเกี่ยวกับการประมวลผล ภาษาธรรมชาติเทคนิคการค้นหา การจัดตาราง การวางแผน งานวิจัยที่เกี่ยวข้องกับปัญญาประดิษฐ์', 'Principles of artificial intelligence, Its scope, history and techniques; introduction to machines learning; fuzzy logic; expert systems; introduction to natural language processing; searching techniques; scheduling; planning; artificial intelligence-related research', 2, 100, 0),
(1131062, 'การเรียนรู้ของเครื่อง', 'Machine Learning', 'แนวคิดการเรียนรู้ของเครื่อง เทคนิคต่าง ๆ ของการเรียนรู้ของเครื่อง การเรียนรู้ต้นไม้ตัดสินใจ เครือข่ายประสาทเทียม การเรียนรู้แบบเบย์ การเรียนรู้กฎความสัมพันธ์ การโปรแกรมสำหรับการเรียนรู้ของ เครื่อง งานวิจัยที่เกี่ยวข้องกับปัญญาประดิษฐ์', 'Machine learning concept; machine learning techniques decision tree learning; artificial neural networks; Bayesian learning; instance based learning; association rule learning; programming for machine learning; machine learning-related research', 3, 100, 0),
(1131063, 'ปัญญาประดิษฐ์ขั้นสูง', 'Advanced Artificial Intelligence', 'การประมวลผลภาษาธรรมชาติ การวิเคราะห์ข้อมูลจากภาษาธรรมชาติ คอมพิวเตอร์วิทัศน์การเรียนรู้ เชิงลึก เครือข่ายประสาทเทียมคอนโวลูชั่น การรู้จำวัตถุ ตัวดำเนินการอัจฉริยะ อุปกรณ์อัจฉริยะ งานวิจัยที่ เกี่ยวข้องกับปัญญาประดิษฐ์ขั้นสูง', 'Natural language processing; data analytics from natural language; computer vision; deep learning; convolutional neural network; object recognition; intelligent agent; smart device; advanced artificial intelligence-related research', 3, 100, 0),
(1131064, 'โครงงานปัญญาประดิษฐ์', 'Project in Artificial Intelligence', 'การพัฒนาโครงงานตามหัวข้อที่กำหนดด้านปัญญาประดิษฐ์บนพื้นฐานของความคิดเชิงสร้างสรรค์ หรือการคิดเชิงออกแบบ เช่น การวิเคราะห์ข้อมูลภาษาธรรมชาติ การโปรแกรมแช็ตบอต', 'Project development on selected topics on artificial intelligence based on creativity or design thinking: natural language data analytics, chatbot programming', 2, 100, 0),
(1131081, 'การจัดการโครงการซอฟต์แวร์เบื้องต้น', 'Introduction to Software Project\r\nManagement', 'แนวคิดการจัดการโครงการซอฟต์แวร์ การบริหารขอบเขตของโครงการ การบริหารเวลาของ โครงการ การบริหารต้นทุนของโครงการ การบริหารคุณภาพของโครงการ การบริหารทรัพยากรบุคคลของ โครงการ การบริหารการสื่อสารของโครงการ การบริหารความเสี่ยงของโครงการ การประเมินโครงการ กรณีศึกษาในการจัดการโครงการซอฟต์แวร์', 'Software project management concepts; project scope management; project time management; project cost management; project quality management; project human resource management; project communications management; project risk management; project evaluation; case studies of software project management', 2, 100, 0),
(1131082, 'ธุรกิจดิจิทัล', 'Digital Business', 'แนวคิดเกี่ยวกับธุรกิจอัจฉริยะและจินตทัศน์สารสนเทศ ซึ่งประกอบไปด้วย กระบวนการตัดสินใจ โดยการใช้ข้อมูล ประเภทและกระบวนการตัดสินใจ ลักษณะสารสนเทศสำหรับธุรกิจอัจฉริยะและ เพื่อสนับสนุนการตัดสินใจ กรณีศึกษาธุรกิจอัจฉริยะและระบบสนับสนุนการตัดสินใจในองค์กร ระบบ สารสนเทศสำหรับผู้จัดการระดับสูงและระบบผู้เชี่ยวชาญ ซอฟต์แวร์ด้านธุรกิจอัจฉริยะและระบบสนับสนุน การตัดสินใจ การกำหนดมุมมองการวิเคราะห์ การออกแบบจินตทัศน์สารสนเทศเพื่อสนับสนุนการตัดสินใจ การเล่าเรื่องราวด้วยข้อมูล แนวทางการพัฒนาระบบสนับสนุนการตัดสินใจ', 'Concepts of business intelligence and information visualization; data-driven decision making process, types and processes of decision making; information characteristics for business intelligence and decision making support, case studies of business intelligence and decision making support systems in organizations, executive information systems and expert systems, software of business intelligence and decision making support system, information visualization design, storytelling with data, business intelligence system implementation', 3, 100, 0),
(1131083, 'ธุรกิจอัจฉริยะและจินตทัศน์สารสนเทศ', 'Business Intelligence and Information\r\nVisualization', 'ความรู้พื้นฐานเกี่ยวกับธุรกิจดิจิทัล การตลาดดิจิทัล ระบบนิเวศดิจิทัล การจัดซื้อจัดจ้างดิจิทัล การจัดการลูกค้าสัมพันธ์ การบริหารทรัพยากรมนุษย์ดิจิทัล การบริหารห่วงโซ่อุปทานดิจิทัล กรณีศึกษา เกี่ยวกับหัวข้อธุรกิจดิจิทัล การออกแบบบริการ การบริหารเชิงกลยุทธ์', 'Introduction to digital business; digital marketing; digital ecosystem; digital procurement; Customer Relationship Management (CRM); digital human resource management; digital supply chain management; case studies on the topic of digital business; service design; strategic management', 3, 100, 0),
(1131084, 'โครงงานการเปลี่ยนผ่านสู่ดิจิทัล', 'Project in Digital Transformation', 'การออกแบบและพัฒนาโครงงานที่เกี่ยวข้องกับการเปลี่ยนผ่านสู่ดิจิทัล การเข้าใจปัญหา การระบุ ปัญหา การสร้างสรรค์ความคิด การสร้างตัวแบบ การทดสอบ', 'Project design and development in digital transformation; empathize problems; define problems; creative thinking; prototype; test', 2, 100, 0),
(1131091, 'หลักการเบื้องต้นของการบริหารจัดการข้อมูล\r\nองค์กร', 'Fundamental of Enterprise Data\r\nManagement', 'ข้อมูลในฐานะสินทรัพย์ขององค์กร แนวคิดการบริหารจัดการข้อมูลองค์กร วงจรชีวิตของข้อมูลของ องค์กร กรอบการจัดการข้อมูลองค์กร กาจัดหาข้อมูล การบูรณาการและการแลกเปลี่ยนข้อมูล ธรรมาภิบาล ข้อมูลและคุณภาพของของข้อมูล สถาปัตยกรรมข้อมูลและแบบจำลองข้อมูล การจัดการข้อมูลหลักและ ข้อมูลอ้างอิง การจัดการคลังข้อมูล การจัดส่งและการใช้ข้อมูล การจัดการเมทาดาทา การจัดการความ ปลอดภัยของข้อมูล ', 'Data as an enterprise asset; enterprise data management concept; life cycle of enterprise data; enterprise data management framework: data sourcing, data integration and exchange, data governance and quality, Information architecture models, reference and master data management, data warehousing, data delivery and consumption, metadata management, data security management.', 2, 100, 0),
(1131092, 'การบริหารจัดการและการดูแลรักษาข้อมูล', 'Data Management and Curation', 'แนวคิดของการจัดการและการดูแลรักษาข้อมูล ประเภท รูปแบบ และระดับของข้อมูล แหล่งช้อมูล ปัญหาของข้อมูล วรจรชีวิตของข้อมูล วงจรชีวิตของการดูแลรักษาข้อมูล มาตรฐานเมทาดาทา การจัดเก็บ ข้อมูล การสำรองข้อมูล และการรักษาความปลอดภัยของข้อมูล นโยบายการใช้งานข้อมูลร่วมกันและการนำ ข้อมูลกลับมาใช่ใหม่ คลังจัดเก็บข้อมูล การจัดเก็บระยะยาวและการสงวนรักษาข้อมูล', 'Concept of data management and data curation; types, formats, and stages of data; data source, problem of data, data life cycle; data curation lifecycle model; metadata standards; data storage, backup, and security; data sharing and reuse policies; repositories, archiving and preservation.', 3, 100, 0),
(1131093, 'การบริหารจัดการเมทาดาทาและธรรมาภิบาล\r\nข้อมูล', 'Metadata Management and Data\r\nGovernance', 'แนวคิดของเมทาดาทา นิยาม หน้าที่ เมทาดาทาเชิงเทคนิค เมทาดาทาธุรกิจ แนวคิดการบริหาร จัดการเมทาดาทา ปัจจัยขับเคลื่อนหลัก กล่องโครงสร้าง และเครื่องมือ กรอบแนวคิดธรรมาภิบาลข้อมูล โครงสร้าง กระบวนการ สิ่งแวดล้อม การนิยามข้อมูล กฎเกณฑ์ของข้อมูล การวัดการดำเนินการและ ความสำเร็จ', 'Metadata concept, definition, functions, technical metadata, business metadata; metadata management concept; key drivers, building blocks and tools; data governance framework; structure, process, environment, data definition, data rules, metrics and success measure.', 3, 100, 0),
(1131094, 'โครงงานการบริหารจัดการข้อมูลองค์กร', 'Project in Project in Enterprise Data\r\nManagement', 'การพัฒนาโครงงานตามหัวข้อที่กำหนดด้านการบริหารจัดการข้อมูลองค์กร การบริการจัดการและ การดูแลรักษาข้อมูล และการจัดการเมทาดาทาและธรรมาภิบาลข้อมูล', 'Project development on selected topics on Enterprise Data Management; Data Management and Curation; Metadata Management and Data Governance.', 2, 100, 0),
(1131101, 'การจัดการความรู้พลวัต', 'Dynamic Knowledge Management', 'ทุนความรู้ แนวคิดและหลักการเกี่ยวกับทุนความรู้และวัฒนธรรมความรู้ กรอบแนวคิดการจัดการ ความรู้ กระบวนการของการจัดการความรู้ การจัดการความรู้ในองค์กรเพื่อเพิ่มความสามารถในการแข่งขัน องค์กรแห่งการเรียนรู้และองค์กรแห่งนวัตกรรม ผลลัพธ์การเรียนรู้ที่คาดหวังระดับรายวิชา (Course', 'Concept and principles of knowledge capital and knowledge culture; knowledge management frameworks; knowledge management process; knowledge management in organizations to enhance competitiveness; learning organization and innovation organization.', 2, 100, 0),
(1131102, 'การสร้างและจัดการองค์ความรู้', 'Building and Managing Knowledge Profile', 'ระบบจัดการความรู้ วงจรชีวิตระบบจัดการความรู้ การสร้างความรู้ การจับเก็บและจัดหาความรู้ การจำแนกและจัดกลุ่มความรู้ การจัดเก็บและกลไกการเข้าถึง การแปลงความรู้และการประยุกต์ใช้ระบบ การถ่ายทอดและการแบ่งปันความรู้ การเพิ่มประสิทธิภาพระบบจัดการความรู้ ', 'Knowledge management systems; knowledge management system life cycle: KMSLC; knowledge creation; knowledge capture and acquisition; knowledge classification and organization; knowledge storage and access mechanisms; knowledge codification and system implementation; knowledge transfer and knowledge sharing; enhancing the effectiveness of knowledge management system.', 3, 100, 0);
INSERT INTO `course` (`course_id`, `course_name_th`, `course_name_en`, `course_detail_th`, `course_detail_en`, `course_credit`, `course_score`, `badge_img_id`) VALUES
(1131103, 'เครื่องมือในการจัดการความรู้', 'Knowledge Management Tools', 'เครื่องมือ และเทคโนโลยีในการจัดการความรู้ ในการจัดการการเข้าถึง การถ่ายทอด และการใช้ทุน ความรู้ของบุคคลและองค์การ เทคโนโลยีสมัยใหม่สำหรับการพัฒนาระบบฐานความรู้ เกณฑ์การเลือกและ ประเมินเครื่องมือการจัดการความรู้ นวัตกรรมของการจัดการความรู้', 'Knowledge management tools, techniques and technologies in management: access, transfer, and utilization of individual and organization knowledge capital, modern technologies for knowledge-based system development, selection and evaluation criteria of knowledge management tools, innovations of knowledge management.', 3, 100, 0),
(1131104, 'โครงงานการจัดการความรู้', 'Project in Knowledge Management', 'การพัฒนาโครงงานตามหัวข้อที่กำหนดด้านการจัดการความรู้ เช่น การระบุความรู้ การสร้างและ จัดหาความรู้ การจัดระบบความรู้ การสร้างตัวแทนความรู้ การเข้าถึงและการถ่ายทอดความรู้ การแบ่งปัน ความรู้ การพัฒนาเครื่องมือจัดการความรู้', 'Project development on selected topics on knowledge management: knowledge identification, knowledge creation and acquisition, knowledge organization, knowledge representation, knowledge access and dissemination, knowledge sharing, development of knowledge management tools.', 2, 100, 0),
(1131151, 'แอนิเมชันศึกษา', 'ทางเลือกในการผลิตแอนิเมชัน', 'ประวัติของแอนิเมชัน และเทคนิคพิเศษ แนวคิดและทฤษฎีเกี่ยวกับแอนิเมชัน ศิลปะการเล่าเรื่อง และการวางโครงเรื่องภาพ บทบาทและผลกระทบของแอนิเมชัน แนวโน้มของแอนิเมชัน แอนิเมชัน นานาชาติ', 'A history of animation and special effects; concepts and theories of animation, the art of storytelling and storyboarding; techniques and stages of creating computer animation; roles and effects of animation; trends of animation; international animation.', 2, 100, 0),
(1131152, 'ทางเลือกในการผลิตแอนิเมชัน', 'Alternatives in Animation Production', 'เทคนิคและขั้นตอนการสร้างแอนิเมชัน การใช้เทคโนโลยีปัจจุบันในการออกแบบและผลิตแอนิเมชัน อาทิ เครื่องมือตรวจจับการเคลื่อนไหว ซอฟต์แวร์ด้านการผลิตแอนิเมชัน 3 มิติการฝึกทักษะการใช้ เทคโนโลยีเพื่อการผลิตแอนิเมชัน', 'Techniques and stages of creating computer animation; using up-to-date technology for animation design and production such as motion capture machine, 3D animation production software; hands-on practice in using technology of animation production.', 3, 100, 0),
(1131153, 'แอนิเมชันและสื่อดิจิทัลอุบัติใหม่', 'Animation and Emerging Digital Media', 'แอนิเมชันในสื่อดิจิทัลอุบัติใหม่ที่อยู่ในความสนใจในปัจจุบัน การประยุกต์ใช้แอนิเมชันในโปรแกรม ประยุกต์อาทิ เทคโนโลยีความจริงเสริม เทคโนโลยีความจริงเสมือน เทคโนโลยีความจริงผสม การออกแบบ เพื่อเทคโนโลยีการพิมพ์ 3 มิติ แอนิเมชันในเกมคอมพิวเตอร์ เป็นต้น', 'Animation in emerging digital media in the current interest; using animation in applications such as augmented reality technology, virtual reality technology, mixed reality technology, design for three-dimensional printing technology, animation in computer game etc.', 3, 100, 0),
(1131154, 'โครงงานเทคโนโลยีแอนิเมชัน', 'Project in Animation Technology', 'การออกแบบและพัฒนาโครงงานหรืองานวิจัยที่เกี่ยวข้องกับเทคโนโลยีแอนิเมชัน', 'Project design and development or research in the animation production', 2, 100, 0),
(1131161, 'การออกแบบกราฟิก', 'Graphic Design', 'เทคโนโลยีการออกแบบกราฟิก ลักษณะของสื่อ วัตถุประสงค์ของการออกแบบกราฟิกและผู้รับสาร องค์ประกอบในการออกแบบ ศิลปะและหลักการออกแบบ ทฤษฎีสี สัญญะวิทยาในการออกแบบกราฟิก เทคนิคการออกแบบ หลักการออกแบบกราฟิกสำหรับการออกแบบตัวอักษร ตราสัญลักษณ์และสัญลักษณ์ การออกแบบกราฟิกสำหรับสื่อพิมพ์การออกแบบกราฟิกสำหรับสื่ออิเล็กทรอนิกส์และสื่อใหม่', 'Graphic design technology; characteristics of media; objectives and audience of graphic design; design elements; arts and principles of design; color theory; semiotics in graphic design; design techniques; graphic design principles for typographics, logos, and symbols; graphic design for printed media; graphic design for electronic media and new media', 2, 100, 0),
(1131162, 'การออกแบบส่วนต่อประสานงานกับผู้ใช้', 'User Interface Design', 'ความสำคัญของการออกแบบส่วนต่อประสานงานกับผู้ใช้ คุณลักษณะของการออกแบบกราฟิก ส่วนต่อประสานงานกับผู้ใช้ กระบวนการออกแบบส่วนต่อประสานงานกับผู้ใช้ ทฤษฎีการออกแบบหน้าจอ และส่วนต่อประสานงานกับผู้ใช้ การออกแบบส่วนต่อประสานงานผู้ใช้ในสื่อปฏิสัมพันธ์', 'The importance of the user interface; characteristics of graphical user interface; user interface design process; principles of interface and screen design; user interface design in interactive media.', 3, 100, 0),
(1131163, 'มนุษยปัจจัย', 'Human Factors', 'มนุษยปัจจัย การรับรู้ของมนุษย์ ลักษณะและความสามารถของประสาทสัมผัสของมนุษย์การรู้จำ และความจำของมนุษย์ทฤษฎีทางจิตวิทยาโดยเฉพาะที่เกี่ยวข้องกับการใช้ระบบปฏิสัมพันธ์แนวคิดเกี่ยวกับ การวิเคราะห์ผู้ใช้ระบบปฏิสัมพันธ์ลักษณะและความสามารถของผู้ใช้ระบบปฏิสัมพันธ์ที่มีความต้องการ พิเศษ อาทิ ผู้สูงอายุ ผู้พิการ กรณีศึกษาที่เกี่ยวกับผู้ใช้ระบบปฏิสัมพันธ์', 'Human factors; human perception; features and capacities of human senses; human cognition and memory; psychology theories in particular in relation to the use of interactive systems; concepts of interactive systems user analysis; characteristics and capabilities of users with special needs such as older people, disabled persons; case studies of interactive systems users; trends of interactive systems users', 3, 100, 0),
(1131164, 'โครงงานการออกแบบส่วนต่อประสานงานผู้ใช้', 'Project in User Interface Design', 'การออกแบบและพัฒนาโครงงานหรืองานวิจัยที่เกี่ยวข้องกับการออกแบบส่วนต่อประสานงานผู้ใช้ ', 'Project design and development or research in user interface design. ', 2, 100, 0),
(1131171, 'ปฏิสัมพันธ์ระหว่างมนุษย์และคอมพิวเตอร์', 'Human-Computer Interaction', 'แนวคิดและความสำคัญของการปฏิสัมพันธ์ระหว่างมนุษย์และคอมพิวเตอร์ การสื่อสารผ่าน คอมพิวเตอร์ แบบจำลองการรู้จำในการปฏิสัมพันธ์ระหว่างมนุษย์กับคอมพิวเตอร์ การใช้งานได้ใน การปฏิสัมพันธ์ระหว่างมนุษย์และคอมพิวเตอร์ การออกแบบการปฏิสัมพันธ์ ประเด็นที่เกี่ยวกับ การปฏิสัมพันธ์ระหว่างมนุษย์และคอมพิวเตอร์ แนวโน้มของการปฏิสัมพันธ์ระหว่างมนุษย์และคอมพิวเตอร์', 'Concepts and importance of human-computer interaction; computer-mediated communication; cognitive models of human-computer interaction; usability of humancomputer interaction; interaction design; issues concerning human-computer interaction; trends of human-computer interaction.', 2, 100, 0),
(1131172, 'การออกแบบประสบการณ์ผู้ใช้', 'User Experience Design', 'แนวคิด หลักการ และแนวทางที่เกี่ยวข้องกับการออกแบบประสบการณ์ผู้ใช้ ความสำคัญของ การออกแบบประสบการณ์ผู้ใช้ วงจรการออกแบบประสบการณ์ผู้ใช้ ปัจจัยที่ส่งผลต่อประสบการณ์ผู้ใช้ ประเด็นที่เกี่ยวกับการออกแบบประสบการณ์ผู้ใช้ในปัจจุบัน แนวโน้มของการออกแบบประสบการณ์ผู้ใช้ ในสังคมดิจิทัล การฝึกทักษะในการใช้เทคโนโลยีเพื่อการออกแบบประสบการณ์ผู้ใช้', 'Concepts, principles and guidelines in user experience design; the importance of user experience design; user experience design cycle; factors in user experience design; current issues of user experience design; trends of user experience design in digital society; hands-on practice by using technologies for user experience design.', 3, 100, 0),
(1131173, 'การทดสอบความสามารถในการใช้งานได้และการ\r\nวิจัยผู้ใช', 'Usability Testing and User Research', 'แนวคิด และความสำคัญของการทดสอบความสามารถในการใช้งานได้ และการวิจัยผู้ใช้ กระบวนการและวิธีการในการทดสอบความสามารถในการใช้งานได้ วิธีการทดสอบที่ไม่ใช้ผู้ใช้งาน วิธีการ ประเมินโดยผู้เชี่ยวชาญ วิธีการทดสอบที่ใช้ผู้ใช้งานทั้งที่เป็นวิธีการเชิงปริมาณ และวิธีการเชิงคุณภาพ ข้อดี ข้อเสียของการทดสอบแต่ละรูปแบบ การฝึกทดสอบความสามารถในการใช้งานได้ และการวิจัยผู้ใช้', 'Definitions and concepts of usability testing and user research; process and method in usability testing; non-user based testing methods; expert evaluations methods; userbased testing; usability testing both qualitative and quantitative methods; positives and negative of each method; hands-on practice in usability testing and user research.', 3, 100, 0),
(1131174, 'โครงงานการออกแบบประสบการณ์ผู้ใช้', 'Project in User Experience Design', 'การออกแบบและพัฒนาโครงงานหรืองานวิจัยที่เกี่ยวข้องกับการออกแบบประสบการณ์ผู้ใช้', 'Project design and development or research in user experience design ', 2, 100, 0),
(1131181, 'ธุรกิจสื่อดิจิทัลและและผู้ประกอบการ', 'Digital Media Business and Entrepreneurs', 'หลักการและแนวคิดของธุรกิจสื่อดิจิทัล โครงสร้างของอุตสาหกรรมธุรกิจสื่อดิจิทัล กระบวนการทาง ความคิดของผู้ประกอบการและการพัฒนาความเป็นผู้ประกอบการ คุณลักษณะของผู้ประกอบการที่ประสบ ความสำเร็จ การตระหนักและประเมินโอกาสทางธุรกิจสื่อดิจิทัล การจัดทำแผนธุรกิจสื่อดิจิทัล นโยบายของ รัฐและกฎหมายที่เกี่ยวข้อง ', 'Principles and concepts of digital media business; structure of the digital media business industry; thinking process of entrepreneurs and entrepreneurship development, characteristics of successful entrepreneurs, awareness and assessment of digital media business opportunities; creating a digital media business plan; state policies and related laws.', 2, 100, 0),
(1131182, 'การจัดการตราสินค้าและชื่อเสียงองค์กรสื่อดิจิทัล', 'Brand Management and Digital Media\r\nOrganization Reputation', 'ความหมาย ความสําคัญ ประเภท และองค์ประกอบของชื่อเสียง ตราองค์กรสื่อดิจิทัล กลยุทธ์ การสร้างและจัดการตราสินค้าและชื่อเสียงองค์กรสื่อดิจิทัลอย่างสร้างสรรค์ การใช้ประโยชน์จากตราสินค้า และชื่อเสียงองค์กรสื่อดิจิทัล', 'Meaning, significance, type and components of reputation; digital media organization brand; strategies for creating and managing brands and reputations of creative digital media organizations; taking advantage of brand and reputation of digital media organization.', 3, 100, 0),
(1131183, 'การบริหารความขัดแย้ง และการสื่อสารในภาวะ\r\nวิกฤตในองค์กรสื่อดิจิทัล\r\n', 'Conflict Management and Crisis\r\nCommunication in Digital Media\r\nOrganization', 'การวิเคราะห์พัฒนาการของประเด็นความขัดแย้งและภาวะวิกฤติ สาเหตุและประเภทของภาวะ วิกฤติ แนวทางการเสริมสร้างโอกาสด้านภาพลักษณ์ ชื่อเสียง และสัมพันธภาพกับกลุ่มผู้มีส่วนได้ส่วนเสีย การเจรจาต่อรอง การเลือกใช้กลยุทธ์ การสื่อสารเพื่อลดผลกระทบเชิงลบ และการแก้ไขฟื้นฟูภาพลักษณ์ และชื่อเสียงขององค์กรสื่อดิจิทัล', 'Analysis of development of conflicts and crisis issues; causes and types of crisis guidelines for enhancing image opportunities, reputation, and relationships with stakeholders; negotiating; choosing communication strategies to reduce negative impacts and restoring the image and reputation of digital media organizations', 3, 100, 0),
(1131184, 'โครงงานการบริหารธุรกิจสื่อดิจิทัลและ\r\nผู้ประกอบการ', 'Project in Digital Media Business and\r\nEntrepreneurs Administration', 'การออกแบบและพัฒนาโครงงานหรืองานวิจัยที่เกี่ยวข้องกับการบริหารธุรกิจสื่อดิจิทัลและ ผู้ประกอบการ', 'Project design and development or research in digital media business and entrepreneurs administration.', 2, 100, 0),
(1131191, 'หัวข้อพิเศษเกี่ยวกับเทคโนโลยีดิจิทัลอุบัติใหม่ 1-1', 'Special Topics in Emerging Digital\r\nTechnology I-I', 'หัวข้อพิเศษที่อยู่ในความสนใจในปัจจุบัน และความก้าวหน้าทางเทคโนโลยีดิจิทัล ซึ่งอาจยังมิได้ ถูกบรรจุไว้ในหลักสูตร', 'Special topics in the current interest and advancement of Digital Technology which may not be included in the curriculum.', 2, 100, 0),
(1131192, 'หัวข้อพิเศษเกี่ยวกับเทคโนโลยีดิจิทัลอุบัติใหม่ 1-2', 'Special Topics in Emerging Digital\r\nTechnology I-II', 'หัวข้อพิเศษที่อยู่ในความสนใจในปัจจุบัน และความก้าวหน้าทางเทคโนโลยีดิจิทัล ซึ่งอาจยังมิได้ถูก บรรจุไว้ในหลักสูตร', 'Special topics in the current interest and advancement of Digital Technology which may not be included in the curriculum.', 3, 100, 0),
(1131193, 'หัวข้อพิเศษเกี่ยวกับเทคโนโลยีดิจิทัลอุบัติใหม่ 1-3', 'Special Topics in Emerging Digital\r\nTechnology I-III', 'หัวข้อพิเศษที่อยู่ในความสนใจในปัจจุบัน และความก้าวหน้าทางเทคโนโลยีดิจิทัล ซึ่งอาจยังมิได้ ถูกบรรจุไว้ในหลักสูตร', 'Special topics in the current interest and advancement of Digital Technology which may not be included in the curriculum.', 3, 100, 0),
(1131194, 'โครงงานนวัตกรรมที่เกี่ยวข้องกับหัวข้อพิเศษ 1', 'Innovative Project in Special Topics I', 'การจัดทำโครงงานตามหัวข้อที่กำหนด ซึ่งเกี่ยวข้องกับหัวข้อพิเศษที่อยู่ในความสนใจในปัจจุบัน และความก้าวหน้าทางเทคโนโลยีดิจิทัล ซึ่งอาจยังมิได้ถูกบรรจุไว้ในหลักสูตร', 'The project on a topic related to special topics in the current interest and advancement of Digital Technology which may not be included in the curriculum.', 2, 100, 0),
(1131201, 'หัวข้อพิเศษเกี่ยวกับเทคโนโลยีดิจิทัลอุบัติใหม่ 2-1', 'Special Topics in Emerging Digital\r\nTechnology II-I', 'หัวข้อพิเศษที่อยู่ในความสนใจในปัจจุบัน และความก้าวหน้าทางเทคโนโลยีดิจิทัล ซึ่งอาจยังมิได้ ถูกบรรจุไว้ในหลักสูตร', 'Special topics in the current interest and advancement of Digital Technology which may not be included in the curriculum.', 2, 100, 0),
(1131202, 'หัวข้อพิเศษเกี่ยวกับเทคโนโลยีดิจิทัลอุบัติใหม่ 2-2', 'Special Topics in Emerging Digital\r\nTechnology II-II', 'หัวข้อพิเศษที่อยู่ในความสนใจในปัจจุบัน และความก้าวหน้าทางเทคโนโลยีดิจิทัล ซึ่งอาจยังมิได้ ถูกบรรจุไว้ในหลักสูตร', 'Special topics in the current interest and advancement of Digital Technology which may not be included in the curriculum.', 3, 100, 0),
(1131203, 'หัวข้อพิเศษเกี่ยวกับเทคโนโลยีดิจิทัลอุบัติใหม่ 2-3', 'Special Topics in Emerging Digital\r\nTechnology II-III', 'หัวข้อพิเศษที่อยู่ในความสนใจในปัจจุบัน และความก้าวหน้าทางเทคโนโลยีดิจิทัล ซึ่งอาจยังมิได้ ถูกบรรจุไว้ในหลักสูตร', 'Special topics in the current interest and advancement of Digital Technology which may not be included in the curriculum.', 3, 100, 0),
(1131204, 'โครงงานนวัตกรรมที่เกี่ยวข้องกับหัวข้อพิเศษ 2', 'Innovative Project in Special Topics II', 'การจัดทำโครงงานตามหัวข้อที่กำหนด ซึ่งเกี่ยวข้องกับหัวข้อพิเศษที่อยู่ในความสนใจในปัจจุบัน และความก้าวหน้าทางเทคโนโลยีดิจิทัล ซึ่งอาจยังมิได้ถูกบรรจุไว้ในหลักสูตร', 'The project on a topic related to special topics in the current interest and advancement of Digital Technology which may not be included in the curriculum', 2, 100, 0),
(1131211, 'หัวข้อพิเศษเกี่ยวกับเทคโนโลยีดิจิทัลอุบัติใหม่ 3-1', 'Special Topics in Emerging Digital\r\nTechnology III-I', 'หัวข้อพิเศษที่อยู่ในความสนใจในปัจจุบัน และความก้าวหน้าทางเทคโนโลยีดิจิทัล ซึ่งอาจยังมิได้ ถูกบรรจุไว้ในหลักสูตร', 'Special topics in the current interest and advancement of Digital Technology which may not be included in the curriculum.', 2, 100, 0),
(1131212, 'หัวข้อพิเศษเกี่ยวกับเทคโนโลยีดิจิทัลอุบัติใหม่ 3-2', 'Special Topics in Emerging Digital\r\nTechnology III-II', 'หัวข้อพิเศษที่อยู่ในความสนใจในปัจจุบัน และความก้าวหน้าทางเทคโนโลยีดิจิทัล ซึ่งอาจยังมิได้ ถูกบรรจุไว้ในหลักสูตร', 'Special topics in the current interest and advancement of Digital Technology which may not be included in the curriculum.', 3, 100, 0),
(1131213, 'หัวข้อพิเศษเกี่ยวกับเทคโนโลยีดิจิทัลอุบัติใหม่ 3-3', '(Special Topics in Emerging Digital\r\nTechnology III-III', 'หัวข้อพิเศษที่อยู่ในความสนใจในปัจจุบัน และความก้าวหน้าทางเทคโนโลยีดิจิทัล ซึ่งอาจยังมิได้ ถูกบรรจุไว้ในหลักสูตร', 'Special topics in the current interest and advancement of Digital Technology which may not be included in the curriculum.', 3, 100, 0),
(1131214, 'โครงงานนวัตกรรมที่เกี่ยวข้องกับหัวข้อพิเศษ 3', 'Innovative Project in Special Topics III', 'การจัดทำโครงงานตามหัวข้อที่กำหนด ซึ่งเกี่ยวข้องกับหัวข้อพิเศษที่อยู่ในความสนใจในปัจจุบัน และความก้าวหน้าทางเทคโนโลยีดิจิทัล ซึ่งอาจยังมิได้ถูกบรรจุไว้ในหลักสูตร', 'The project on a topic related to special topics in the current interest and advancement of Digital Technology which may not be included in the curriculum', 2, 100, 0);

-- --------------------------------------------------------

--
-- Table structure for table `course_of_program`
--

CREATE TABLE `course_of_program` (
  `id` int(11) NOT NULL,
  `program_id` int(11) NOT NULL,
  `course_id` int(11) NOT NULL,
  `course_order` int(11) NOT NULL
) ENGINE=InnoDB DEFAULT CHARSET=utf8;

--
-- Dumping data for table `course_of_program`
--

INSERT INTO `course_of_program` (`id`, `program_id`, `course_id`, `course_order`) VALUES
(1, 1, 204448, 1),
(2, 1, 204449, 2),
(3, 1, 204450, 3),
(4, 1, 204451, 4),
(5, 2, 204440, 1),
(6, 2, 204441, 2),
(7, 2, 204442, 3),
(8, 2, 204443, 4),
(9, 3, 204444, 1),
(10, 3, 204445, 2),
(11, 3, 204446, 3),
(12, 3, 204447, 4),
(14, 4, 204453, 2),
(15, 4, 204454, 3),
(16, 4, 204455, 4),
(17, 4, 204456, 5),
(18, 5, 204457, 1),
(19, 5, 204458, 2),
(20, 5, 204459, 3),
(21, 5, 204460, 4),
(22, 6, 204461, 1),
(23, 6, 204462, 2),
(24, 6, 204463, 3),
(25, 6, 204464, 4),
(26, 7, 204465, 1),
(27, 7, 204466, 2),
(28, 7, 204467, 3),
(29, 7, 204468, 4),
(30, 67, 1101011, 1),
(31, 67, 1101012, 2),
(32, 67, 1101013, 3),
(33, 68, 1101021, 1),
(34, 68, 1101022, 2),
(35, 68, 1101023, 3),
(36, 89, 1101031, 1),
(37, 89, 1101032, 2),
(38, 89, 1101033, 3),
(39, 90, 1101041, 1),
(40, 90, 1101042, 2),
(41, 90, 1101043, 3),
(42, 91, 1101911, 1),
(43, 91, 1101912, 2),
(44, 91, 1101913, 3),
(45, 76, 1101051, 1),
(46, 76, 1101052, 2),
(47, 76, 1101053, 3),
(48, 70, 1101061, 1),
(49, 70, 1101062, 2),
(50, 70, 1101063, 3),
(51, 78, 1101071, 1),
(52, 78, 1101072, 2),
(53, 78, 1101073, 3),
(54, 92, 1101081, 1),
(55, 92, 1101082, 2),
(56, 92, 1101083, 3),
(57, 82, 1101091, 1),
(58, 82, 1101092, 2),
(59, 82, 1101093, 3),
(60, 84, 1101101, 1),
(61, 84, 1101102, 2),
(62, 84, 1101103, 3),
(63, 93, 1101111, 1),
(64, 93, 1101112, 2),
(65, 93, 1101113, 3),
(66, 94, 1101121, 1),
(67, 94, 1101122, 2),
(68, 94, 1101123, 3),
(69, 95, 1101131, 1),
(70, 95, 1101132, 2),
(71, 95, 1101133, 3),
(72, 96, 1101141, 1),
(73, 96, 1101142, 2),
(74, 96, 1101143, 3),
(75, 97, 1101151, 1),
(76, 97, 1101152, 2),
(77, 97, 1101153, 3),
(78, 98, 1101161, 1),
(79, 98, 1101162, 2),
(80, 98, 1101163, 3),
(81, 99, 1101171, 1),
(82, 99, 1101172, 2),
(83, 99, 1101173, 3),
(84, 100, 1101181, 1),
(85, 100, 1101182, 2),
(86, 100, 1101183, 3),
(87, 101, 1101191, 1),
(88, 101, 1101192, 2),
(89, 101, 1101193, 3),
(90, 102, 1101201, 1),
(91, 102, 1101202, 2),
(92, 102, 1101203, 3),
(93, 103, 1101211, 1),
(94, 103, 1101212, 2),
(95, 103, 1101213, 3),
(96, 104, 1101221, 1),
(97, 104, 1101222, 2),
(98, 104, 1101223, 3),
(99, 105, 1101231, 1),
(100, 105, 1101232, 2),
(101, 105, 1101233, 3),
(102, 106, 1101241, 1),
(103, 106, 1101242, 2),
(104, 106, 1101243, 3),
(105, 107, 1101251, 1),
(106, 107, 1101252, 2),
(107, 107, 1101253, 3),
(108, 108, 1101261, 1),
(109, 108, 1101262, 2),
(110, 108, 1101263, 3),
(111, 109, 1101271, 1),
(112, 109, 1101272, 2),
(113, 109, 1101273, 3),
(114, 110, 1101281, 1),
(115, 110, 1101282, 2),
(116, 110, 1101283, 3),
(117, 111, 1101291, 1),
(118, 111, 1101292, 2),
(119, 111, 1101293, 3),
(120, 112, 1101301, 1),
(121, 112, 1101302, 2),
(122, 112, 1101303, 3),
(123, 113, 1101311, 1),
(124, 113, 1101312, 2),
(125, 113, 1101313, 3),
(126, 114, 1101321, 1),
(127, 114, 1101322, 2),
(128, 114, 1101323, 3),
(129, 115, 1101331, 1),
(130, 115, 1101332, 2),
(131, 115, 1101333, 3),
(132, 116, 1101341, 1),
(133, 116, 1101342, 2),
(134, 116, 1101343, 3),
(135, 117, 1101351, 1),
(136, 117, 1101352, 2),
(137, 117, 1101353, 3),
(138, 118, 1101361, 1),
(139, 118, 1101362, 2),
(140, 118, 1101363, 3),
(141, 8, 1131011, 1),
(142, 8, 1131012, 2),
(143, 8, 1131013, 3),
(144, 8, 1131014, 4),
(145, 9, 1131061, 1),
(146, 9, 1131062, 2),
(147, 9, 1131063, 3),
(148, 9, 1131064, 4),
(149, 10, 1131081, 1),
(150, 10, 1131082, 2),
(151, 10, 1131083, 3),
(152, 10, 1131084, 4),
(153, 11, 1131091, 1),
(154, 11, 1131092, 2),
(155, 11, 1131093, 3),
(156, 11, 1131094, 4),
(157, 12, 1131101, 1),
(158, 12, 1131102, 2),
(159, 12, 1131103, 3),
(160, 12, 1131104, 4),
(161, 14, 1131151, 1),
(162, 14, 1131152, 2),
(163, 14, 1131153, 3),
(164, 14, 1131154, 4),
(165, 15, 1131161, 1),
(166, 15, 1131162, 2),
(167, 15, 1131163, 3),
(168, 15, 1131164, 4),
(169, 16, 1131171, 1),
(170, 16, 1131172, 2),
(171, 16, 1131173, 3),
(172, 16, 1131174, 4),
(173, 17, 1131181, 1),
(174, 17, 1131182, 2),
(175, 17, 1131183, 3),
(176, 17, 1131184, 4),
(177, 18, 1131191, 1),
(178, 18, 1131192, 2),
(179, 18, 1131193, 3),
(180, 18, 1131194, 4),
(181, 19, 1131201, 1),
(182, 19, 1131202, 2),
(183, 19, 1131203, 3),
(184, 19, 1131204, 4),
(185, 20, 1131211, 1),
(186, 20, 1131212, 2),
(187, 20, 1131213, 3),
(188, 20, 1131214, 4),
(189, 21, 1131051, 1),
(190, 21, 1131052, 2),
(191, 21, 1131053, 3),
(192, 21, 1131054, 4);

-- --------------------------------------------------------

--
-- Table structure for table `diploma`
--

CREATE TABLE `diploma` (
  `id` bigint(20) NOT NULL,
  `std_id` varchar(11) NOT NULL,
  `program_id` bigint(20) NOT NULL,
  `diploma_approve` varchar(100) NOT NULL,
  `diploma_date` timestamp NULL DEFAULT current_timestamp()
) ENGINE=InnoDB DEFAULT CHARSET=utf8;

--
-- Dumping data for table `diploma`
--

INSERT INTO `diploma` (`id`, `std_id`, `program_id`, `diploma_approve`, `diploma_date`) VALUES
(1, '333', 1, 'DIGITECH, Suranaree University of Technology', '2020-05-27 17:00:00'),
(2, 'DIM01', 4, 'DIGITECH, Suranaree University of Technology', '2020-05-27 17:00:00'),
(3, 'DIM03', 4, 'DIGITECH, Suranaree University of Technology', '2020-05-27 17:00:00'),
(4, 'DIM04', 4, 'DIGITECH, Suranaree University of Technology', '2020-05-27 17:00:00'),
(5, 'DIM05', 4, 'DIGITECH, Suranaree University of Technology', '2020-05-27 17:00:00'),
(6, 'DIM06', 4, 'DIGITECH, Suranaree University of Technology', '2020-05-27 17:00:00'),
(7, 'DIM10', 4, 'DIGITECH, Suranaree University of Technology', '2020-05-27 17:00:00'),
(8, 'DIM12', 4, 'DIGITECH, Suranaree University of Technology', '2020-05-27 17:00:00'),
(9, 'DIM14', 4, 'DIGITECH, Suranaree University of Technology', '2020-05-27 17:00:00'),
(10, 'DIM15', 4, 'DIGITECH, Suranaree University of Technology', '2020-05-27 17:00:00'),
(11, 'IOT01', 3, 'DIGITECH, Suranaree University of Technology', '2020-05-27 17:00:00'),
(12, 'IOT03', 3, 'DIGITECH, Suranaree University of Technology', '2020-05-27 17:00:00'),
(13, 'IOT04', 3, 'DIGITECH, Suranaree University of Technology', '2020-05-27 17:00:00'),
(14, 'IOT08', 3, 'DIGITECH, Suranaree University of Technology', '2020-05-27 17:00:00'),
(15, 'IOT10', 3, 'DIGITECH, Suranaree University of Technology', '2020-05-27 17:00:00'),
(16, 'IOT11', 3, 'DIGITECH, Suranaree University of Technology', '2020-05-27 17:00:00'),
(17, 'IOT13', 3, 'DIGITECH, Suranaree University of Technology', '2020-05-27 17:00:00'),
(18, 'IOT14', 3, 'DIGITECH, Suranaree University of Technology', '2020-05-27 17:00:00'),
(19, 'IOT18', 3, 'DIGITECH, Suranaree University of Technology', '2020-05-27 17:00:00'),
(20, 'IOT23', 3, 'DIGITECH, Suranaree University of Technology', '2020-05-27 17:00:00'),
(21, 'IOT29', 3, 'DIGITECH, Suranaree University of Technology', '2020-05-27 17:00:00'),
(22, 'MB04', 2, 'DIGITECH, Suranaree University of Technology', '2020-05-27 17:00:00'),
(23, 'MB07', 2, 'DIGITECH, Suranaree University of Technology', '2020-05-27 17:00:00'),
(24, 'MB11', 2, 'DIGITECH, Suranaree University of Technology', '2020-05-27 17:00:00'),
(25, 'MB13', 2, 'DIGITECH, Suranaree University of Technology', '2020-05-27 17:00:00'),
(26, 'MB15', 2, 'DIGITECH, Suranaree University of Technology', '2020-05-27 17:00:00'),
(27, 'MB16', 2, 'DIGITECH, Suranaree University of Technology', '2020-05-27 17:00:00'),
(28, 'MB19', 2, 'DIGITECH, Suranaree University of Technology', '2020-05-27 17:00:00'),
(29, 'MB20', 2, 'DIGITECH, Suranaree University of Technology', '2020-05-27 17:00:00'),
(30, 'MB21', 2, 'DIGITECH, Suranaree University of Technology', '2020-05-27 17:00:00'),
(31, 'MB23', 2, 'DIGITECH, Suranaree University of Technology', '2020-05-27 17:00:00'),
(32, 'MB24', 2, 'DIGITECH, Suranaree University of Technology', '2020-05-27 17:00:00'),
(33, 'MB25', 2, 'DIGITECH, Suranaree University of Technology', '2020-05-27 17:00:00'),
(34, 'MB26', 2, 'DIGITECH, Suranaree University of Technology', '2020-05-27 17:00:00'),
(35, 'MB27', 2, 'DIGITECH, Suranaree University of Technology', '2020-05-27 17:00:00'),
(36, 'MB28', 2, 'DIGITECH, Suranaree University of Technology', '2020-05-27 17:00:00'),
(37, 'MB29', 2, 'DIGITECH, Suranaree University of Technology', '2020-05-27 17:00:00'),
(38, 'MB30', 2, 'DIGITECH, Suranaree University of Technology', '2020-05-27 17:00:00'),
(39, 'MB32', 2, 'DIGITECH, Suranaree University of Technology', '2020-05-27 17:00:00'),
(40, 'MB34', 2, 'DIGITECH, Suranaree University of Technology', '2020-05-27 17:00:00'),
(41, 'MB35', 2, 'DIGITECH, Suranaree University of Technology', '2020-05-27 17:00:00'),
(42, 'MB37', 2, 'DIGITECH, Suranaree University of Technology', '2020-05-27 17:00:00'),
(43, 'MB39', 2, 'DIGITECH, Suranaree University of Technology', '2020-05-27 17:00:00'),
(44, 'VD04', 5, 'DIGITECH, Suranaree University of Technology', '2020-05-27 17:00:00'),
(45, 'VD09', 5, 'DIGITECH, Suranaree University of Technology', '2020-05-27 17:00:00'),
(46, 'MS01', 7, 'DIGITECH, Suranaree University of Technology', '2020-09-08 17:00:00'),
(47, 'MS02', 7, 'DIGITECH, Suranaree University of Technology', '2020-09-08 17:00:00'),
(48, 'MS03', 7, 'DIGITECH, Suranaree University of Technology', '2020-09-08 17:00:00'),
(49, 'MS04', 7, 'DIGITECH, Suranaree University of Technology', '2020-09-08 17:00:00'),
(50, 'MS05', 7, 'DIGITECH, Suranaree University of Technology', '2020-09-08 17:00:00'),
(51, 'MS06', 7, 'DIGITECH, Suranaree University of Technology', '2020-09-08 17:00:00'),
(52, 'MS07', 7, 'DIGITECH, Suranaree University of Technology', '2020-09-08 17:00:00'),
(53, 'MS08', 7, 'DIGITECH, Suranaree University of Technology', '2020-09-08 17:00:00'),
(54, 'MS09', 7, 'DIGITECH, Suranaree University of Technology', '2020-09-08 17:00:00'),
(55, 'MS10', 7, 'DIGITECH, Suranaree University of Technology', '2020-09-08 17:00:00'),
(56, 'MS11', 7, 'DIGITECH, Suranaree University of Technology', '2020-09-08 17:00:00'),
(57, 'MS12', 7, 'DIGITECH, Suranaree University of Technology', '2020-09-08 17:00:00'),
(58, 'MS13', 7, 'DIGITECH, Suranaree University of Technology', '2020-09-08 17:00:00'),
(59, 'MS14', 7, 'DIGITECH, Suranaree University of Technology', '2020-09-08 17:00:00'),
(60, 'MS15', 7, 'DIGITECH, Suranaree University of Technology', '2020-09-08 17:00:00'),
(61, 'MS16', 7, 'DIGITECH, Suranaree University of Technology', '2020-09-08 17:00:00'),
(62, 'MS17', 7, 'DIGITECH, Suranaree University of Technology', '2020-09-08 17:00:00'),
(63, 'MS18', 7, 'DIGITECH, Suranaree University of Technology', '2020-09-08 17:00:00'),
(64, 'MS19', 7, 'DIGITECH, Suranaree University of Technology', '2020-09-08 17:00:00'),
(65, 'MS20', 7, 'DIGITECH, Suranaree University of Technology', '2020-09-08 17:00:00'),
(66, 'MS21', 7, 'DIGITECH, Suranaree University of Technology', '2020-09-08 17:00:00'),
(67, 'MS24', 7, 'DIGITECH, Suranaree University of Technology', '2020-09-08 17:00:00'),
(68, 'MS25', 7, 'DIGITECH, Suranaree University of Technology', '2020-09-08 17:00:00'),
(69, 'MS26', 7, 'DIGITECH, Suranaree University of Technology', '2020-09-08 17:00:00'),
(70, 'MS27', 7, 'DIGITECH, Suranaree University of Technology', '2020-09-08 17:00:00'),
(71, 'MS28', 7, 'DIGITECH, Suranaree University of Technology', '2020-09-08 17:00:00'),
(72, 'MS30', 7, 'DIGITECH, Suranaree University of Technology', '2020-09-08 17:00:00'),
(73, 'MS31', 7, 'DIGITECH, Suranaree University of Technology', '2020-09-08 17:00:00'),
(74, 'MS32', 7, 'DIGITECH, Suranaree University of Technology', '2020-09-08 17:00:00'),
(75, 'MS33', 7, 'DIGITECH, Suranaree University of Technology', '2020-09-08 17:00:00'),
(76, 'MS34', 7, 'DIGITECH, Suranaree University of Technology', '2020-09-08 17:00:00'),
(77, 'MS35', 7, 'DIGITECH, Suranaree University of Technology', '2020-09-08 17:00:00'),
(78, 'MS36', 7, 'DIGITECH, Suranaree University of Technology', '2020-09-08 17:00:00'),
(79, 'MS37', 7, 'DIGITECH, Suranaree University of Technology', '2020-09-08 17:00:00'),
(80, 'MS38', 7, 'DIGITECH, Suranaree University of Technology', '2020-09-08 17:00:00'),
(81, 'MS40', 7, 'DIGITECH, Suranaree University of Technology', '2020-09-08 17:00:00'),
(82, 'MS41', 7, 'DIGITECH, Suranaree University of Technology', '2020-09-08 17:00:00'),
(83, 'MS42', 7, 'DIGITECH, Suranaree University of Technology', '2020-09-08 17:00:00'),
(84, 'MS43', 7, 'DIGITECH, Suranaree University of Technology', '2020-09-08 17:00:00'),
(85, 'MS44', 7, 'DIGITECH, Suranaree University of Technology', '2020-09-08 17:00:00'),
(86, '024', 7, 'DIGITECH, Suranaree University of Technology', '2020-09-08 17:00:00');

-- --------------------------------------------------------

--
-- Table structure for table `enroll`
--

CREATE TABLE `enroll` (
  `enroll_id` bigint(20) NOT NULL,
  `std_id` varchar(11) NOT NULL,
  `course_id` int(11) NOT NULL,
  `practice_score` decimal(10,2) DEFAULT 0.00,
  `objective_score` decimal(10,2) DEFAULT 0.00
) ENGINE=InnoDB DEFAULT CHARSET=utf8;

--
-- Dumping data for table `enroll`
--

INSERT INTO `enroll` (`enroll_id`, `std_id`, `course_id`, `practice_score`, `objective_score`) VALUES
(3, '111', 204448, '70.00', '22.00'),
(4, '111', 204449, '70.00', '22.00'),
(5, '111', 204450, '60.00', '13.05'),
(10, '001', 204448, '52.50', '23.00'),
(11, '002', 204448, '35.88', '22.00'),
(12, '003', 204448, '35.00', '26.00'),
(13, '004', 204448, '68.25', '20.00'),
(14, '005', 204448, '35.00', '21.00'),
(15, '006', 204448, '70.00', '23.00'),
(16, '007', 204448, '35.00', '22.00'),
(17, '008', 204448, '70.00', '25.00'),
(18, '009', 204448, '57.75', '23.00'),
(19, '010', 204448, '64.75', '0.00'),
(20, '011', 204448, '70.00', '22.00'),
(21, '012', 204448, '70.00', '22.00'),
(22, '013', 204448, '68.25', '23.00'),
(23, '014', 204448, '70.00', '23.00'),
(24, '015', 204448, '70.00', '21.00'),
(25, '016', 204448, '64.75', '19.00'),
(26, '017', 204448, '70.00', '23.00'),
(27, '018', 204448, '28.00', '21.00'),
(28, '019', 204448, '61.25', '24.00'),
(29, '020', 204448, '70.00', '27.00'),
(30, '021', 204448, '70.00', '25.00'),
(31, '022', 204448, '35.00', '27.00'),
(32, '023', 204448, '66.50', '24.00'),
(33, '024', 204448, '70.00', '27.00'),
(34, '025', 204448, '64.75', '28.00'),
(35, '026', 204448, '70.00', '23.00'),
(36, '027', 204448, '70.00', '20.00'),
(37, '028', 204448, '52.50', '22.00'),
(38, '029', 204448, '52.50', '0.00'),
(39, '030', 204448, '70.00', '21.00'),
(40, '031', 204448, '45.06', '22.00'),
(41, '032', 204448, '21.00', '19.00'),
(42, '033', 204448, '70.00', '21.00'),
(43, '034', 204448, '35.00', '23.00'),
(44, '035', 204448, '70.00', '23.00'),
(45, '036', 204448, '70.00', '26.00'),
(46, '037', 204448, '66.50', '23.00'),
(47, '038', 204448, '68.25', '19.00'),
(48, '039', 204448, '70.00', '24.00'),
(49, '040', 204448, '66.50', '25.00'),
(50, '001', 204449, '70.00', '22.00'),
(51, '002', 204449, '15.00', '14.00'),
(52, '003', 204449, '70.00', '20.00'),
(53, '004', 204449, '40.00', '21.00'),
(54, '005', 204449, '70.00', '16.00'),
(55, '006', 204449, '70.00', '19.00'),
(56, '007', 204449, '45.00', '17.00'),
(57, '008', 204449, '70.00', '22.00'),
(58, '009', 204449, '30.00', '20.00'),
(59, '010', 204449, '0.00', '0.00'),
(60, '011', 204449, '70.00', '22.00'),
(61, '012', 204449, '40.00', '19.00'),
(62, '013', 204449, '70.00', '19.00'),
(63, '014', 204449, '70.00', '17.00'),
(64, '015', 204449, '40.00', '14.00'),
(65, '016', 204449, '30.00', '17.00'),
(66, '017', 204449, '45.00', '13.00'),
(67, '018', 204449, '0.00', '23.00'),
(68, '019', 204449, '70.00', '22.00'),
(69, '020', 204449, '70.00', '22.00'),
(70, '021', 204449, '70.00', '16.00'),
(71, '022', 204449, '70.00', '22.00'),
(72, '023', 204449, '40.00', '12.00'),
(73, '024', 204449, '40.00', '20.00'),
(74, '025', 204449, '70.00', '23.00'),
(75, '026', 204449, '30.00', '16.00'),
(76, '027', 204449, '30.00', '12.00'),
(77, '028', 204449, '55.00', '22.00'),
(78, '029', 204449, '0.00', '0.00'),
(79, '030', 204449, '70.00', '18.00'),
(80, '031', 204449, '70.00', '19.00'),
(81, '032', 204449, '30.00', '15.00'),
(82, '033', 204449, '70.00', '19.00'),
(83, '034', 204449, '70.00', '19.00'),
(84, '035', 204449, '70.00', '22.00'),
(85, '036', 204449, '55.00', '20.00'),
(86, '037', 204449, '30.00', '15.00'),
(87, '038', 204449, '45.00', '23.00'),
(88, '039', 204449, '70.00', '20.00'),
(89, '040', 204449, '70.00', '18.00'),
(90, '001', 204450, '55.00', '13.00'),
(91, '002', 204450, '45.00', '15.00'),
(92, '003', 204450, '70.00', '18.00'),
(93, '004', 204450, '0.00', '17.00'),
(94, '005', 204450, '55.00', '12.00'),
(95, '006', 204450, '62.50', '20.00'),
(96, '007', 204450, '55.00', '13.00'),
(97, '008', 204450, '70.00', '18.00'),
(98, '009', 204450, '70.00', '17.00'),
(99, '010', 204450, '0.00', '0.00'),
(100, '011', 204450, '70.00', '13.00'),
(101, '012', 204450, '70.00', '11.00'),
(102, '013', 204450, '37.50', '14.00'),
(103, '014', 204450, '62.50', '13.00'),
(104, '015', 204450, '55.00', '18.00'),
(105, '016', 204450, '45.00', '17.00'),
(106, '017', 204450, '70.00', '10.00'),
(107, '018', 204450, '20.00', '12.00'),
(108, '019', 204450, '70.00', '17.00'),
(109, '020', 204450, '62.50', '14.00'),
(110, '021', 204450, '70.00', '12.00'),
(111, '022', 204450, '70.00', '18.00'),
(112, '023', 204450, '27.50', '15.00'),
(113, '024', 204450, '0.00', '6.00'),
(114, '025', 204450, '55.00', '11.00'),
(115, '026', 204450, '70.00', '15.00'),
(116, '027', 204450, '70.00', '15.00'),
(117, '028', 204450, '45.00', '17.00'),
(118, '029', 204450, '0.00', '0.00'),
(119, '030', 204450, '70.00', '13.00'),
(120, '031', 204450, '70.00', '12.00'),
(121, '032', 204450, '0.00', '16.00'),
(122, '033', 204450, '70.00', '17.00'),
(123, '034', 204450, '55.00', '16.00'),
(124, '035', 204450, '70.00', '19.00'),
(125, '036', 204450, '70.00', '17.00'),
(126, '037', 204450, '15.00', '20.00'),
(127, '038', 204450, '40.00', '15.00'),
(128, '039', 204450, '70.00', '19.00'),
(129, '040', 204450, '70.00', '14.00'),
(130, '001', 204451, '0.00', '88.00'),
(131, '002', 204451, '0.00', '0.00'),
(132, '003', 204451, '0.00', '0.00'),
(133, '004', 204451, '0.00', '0.00'),
(134, '005', 204451, '0.00', '72.00'),
(135, '006', 204451, '0.00', '70.00'),
(136, '007', 204451, '0.00', '71.00'),
(137, '008', 204451, '0.00', '70.00'),
(138, '009', 204451, '0.00', '75.00'),
(139, '010', 204451, '0.00', '0.00'),
(140, '011', 204451, '0.00', '90.00'),
(141, '012', 204451, '0.00', '78.00'),
(142, '013', 204451, '0.00', '85.00'),
(143, '014', 204451, '0.00', '74.00'),
(144, '015', 204451, '0.00', '75.00'),
(145, '016', 204451, '0.00', '77.00'),
(146, '017', 204451, '0.00', '90.00'),
(147, '018', 204451, '0.00', '70.00'),
(148, '019', 204451, '0.00', '74.00'),
(149, '020', 204451, '0.00', '66.00'),
(150, '021', 204451, '0.00', '72.00'),
(151, '022', 204451, '0.00', '73.00'),
(152, '023', 204451, '0.00', '70.00'),
(153, '024', 204451, '0.00', '77.00'),
(154, '025', 204451, '0.00', '81.00'),
(155, '026', 204451, '0.00', '90.00'),
(156, '027', 204451, '0.00', '90.00'),
(157, '028', 204451, '0.00', '72.00'),
(158, '029', 204451, '0.00', '0.00'),
(159, '030', 204451, '0.00', '70.00'),
(160, '031', 204451, '0.00', '90.00'),
(161, '032', 204451, '0.00', '76.00'),
(162, '033', 204451, '0.00', '83.00'),
(163, '034', 204451, '0.00', '90.00'),
(164, '035', 204451, '0.00', '41.00'),
(165, '036', 204451, '0.00', '81.00'),
(166, '037', 204451, '0.00', '71.00'),
(167, '038', 204451, '0.00', '85.00'),
(168, '039', 204451, '0.00', '81.00'),
(169, '040', 204451, '0.00', '74.00'),
(170, '333', 204448, '80.00', '15.00'),
(171, '333', 204449, '50.00', '22.00'),
(172, '333', 204450, '60.00', '15.00'),
(173, '333', 204451, '40.00', '40.00'),
(174, '333', 204440, '70.00', '10.00'),
(175, '333', 204441, '56.00', '33.00'),
(176, '333', 204442, '54.50', '20.50'),
(178, '041', 204461, '73.95', '0.00'),
(179, '042', 204461, '84.43', '0.00'),
(180, '043', 204461, '72.64', '0.00'),
(181, '044', 204461, '85.74', '0.00'),
(182, '045', 204461, '32.03', '0.00'),
(183, '046', 204461, '84.43', '0.00'),
(184, '047', 204461, '70.00', '0.00'),
(185, '048', 204461, '60.85', '0.00'),
(186, '049', 204461, '29.41', '0.00'),
(187, '050', 204461, '64.78', '0.00'),
(188, '051', 204461, '73.95', '0.00'),
(189, '052', 204461, '60.85', '0.00'),
(190, '053', 204461, '84.43', '0.00'),
(191, '054', 204461, '55.61', '0.00'),
(192, '055', 204461, '60.85', '0.00'),
(193, '056', 204461, '76.57', '0.00'),
(194, '057', 204461, '80.00', '0.00'),
(195, '058', 204461, '68.71', '0.00'),
(196, '059', 204461, '71.33', '0.00'),
(197, '060', 204461, '70.02', '0.00'),
(198, '061', 204461, '73.95', '0.00'),
(199, '062', 204461, '73.95', '0.00'),
(200, '063', 204461, '29.41', '0.00'),
(201, '064', 204461, '70.00', '0.00'),
(202, '065', 204461, '70.00', '0.00'),
(203, '066', 204461, '70.00', '0.00'),
(204, '067', 204461, '71.33', '0.00'),
(205, '068', 204461, '80.50', '0.00'),
(206, '069', 204461, '15.00', '0.00'),
(207, '070', 204461, '15.00', '0.00'),
(208, '071', 204461, '85.74', '0.00'),
(209, '072', 204461, '77.88', '0.00'),
(210, '041', 204462, '90.23', '0.00'),
(211, '042', 204462, '87.94', '0.00'),
(212, '043', 204462, '23.88', '0.00'),
(213, '044', 204462, '104.24', '0.00'),
(214, '045', 204462, '5.00', '0.00'),
(215, '046', 204462, '90.80', '0.00'),
(216, '047', 204462, '70.49', '0.00'),
(217, '048', 204462, '90.51', '0.00'),
(218, '049', 204462, '5.00', '0.00'),
(219, '050', 204462, '47.90', '0.00'),
(220, '051', 204462, '79.36', '0.00'),
(221, '052', 204462, '53.62', '0.00'),
(222, '053', 204462, '90.80', '0.00'),
(223, '054', 204462, '58.20', '0.00'),
(224, '055', 204462, '53.62', '0.00'),
(225, '056', 204462, '70.78', '0.00'),
(226, '057', 204462, '90.51', '0.00'),
(227, '058', 204462, '90.80', '0.00'),
(228, '059', 204462, '89.66', '0.00'),
(229, '060', 204462, '85.08', '0.00'),
(230, '061', 204462, '56.48', '0.00'),
(231, '062', 204462, '90.80', '0.00'),
(232, '063', 204462, '33.60', '0.00'),
(233, '064', 204462, '85.37', '0.00'),
(234, '065', 204462, '90.80', '0.00'),
(235, '066', 204462, '70.00', '0.00'),
(236, '067', 204462, '47.90', '0.00'),
(237, '068', 204462, '83.36', '0.00'),
(238, '069', 204462, '5.00', '0.00'),
(239, '070', 204462, '5.00', '0.00'),
(240, '071', 204462, '96.52', '0.00'),
(241, '072', 204462, '76.21', '0.00'),
(242, '041', 204463, '70.50', '0.00'),
(243, '042', 204463, '70.00', '0.00'),
(244, '043', 204463, '83.00', '0.00'),
(245, '044', 204463, '75.50', '0.00'),
(246, '045', 204463, '8.00', '0.00'),
(247, '046', 204463, '70.50', '0.00'),
(248, '047', 204463, '85.50', '0.00'),
(249, '048', 204463, '78.00', '0.00'),
(250, '049', 204463, '8.00', '0.00'),
(251, '050', 204463, '85.50', '0.00'),
(252, '051', 204463, '70.50', '0.00'),
(253, '052', 204463, '70.50', '0.00'),
(254, '053', 204463, '73.00', '0.00'),
(255, '054', 204463, '73.00', '0.00'),
(256, '055', 204463, '75.50', '0.00'),
(257, '056', 204463, '73.00', '0.00'),
(258, '057', 204463, '80.50', '0.00'),
(259, '058', 204463, '73.00', '0.00'),
(260, '059', 204463, '73.00', '0.00'),
(261, '060', 204463, '73.00', '0.00'),
(262, '061', 204463, '73.00', '0.00'),
(263, '062', 204463, '80.50', '0.00'),
(264, '063', 204463, '8.00', '0.00'),
(265, '064', 204463, '70.50', '0.00'),
(266, '065', 204463, '78.00', '0.00'),
(267, '066', 204463, '80.50', '0.00'),
(268, '067', 204463, '73.00', '0.00'),
(269, '068', 204463, '73.00', '0.00'),
(270, '069', 204463, '8.00', '0.00'),
(271, '070', 204463, '8.00', '0.00'),
(272, '071', 204463, '73.00', '0.00'),
(273, '072', 204463, '75.50', '0.00'),
(274, '041', 204464, '58.00', '0.00'),
(275, '042', 204464, '90.50', '0.00'),
(276, '043', 204464, '62.00', '0.00'),
(277, '044', 204464, '80.50', '0.00'),
(278, '045', 204464, '15.00', '0.00'),
(279, '046', 204464, '85.00', '0.00'),
(280, '047', 204464, '91.50', '0.00'),
(281, '048', 204464, '79.00', '0.00'),
(282, '049', 204464, '15.00', '0.00'),
(283, '050', 204464, '91.50', '0.00'),
(284, '051', 204464, '58.00', '0.00'),
(285, '052', 204464, '80.50', '0.00'),
(286, '053', 204464, '90.50', '0.00'),
(287, '054', 204464, '85.00', '0.00'),
(288, '055', 204464, '62.00', '0.00'),
(289, '056', 204464, '77.00', '0.00'),
(290, '057', 204464, '83.50', '0.00'),
(291, '058', 204464, '88.00', '0.00'),
(292, '059', 204464, '88.00', '0.00'),
(293, '060', 204464, '73.00', '0.00'),
(294, '061', 204464, '77.00', '0.00'),
(295, '062', 204464, '79.00', '0.00'),
(296, '063', 204464, '15.00', '0.00'),
(297, '064', 204464, '71.00', '0.00'),
(298, '065', 204464, '71.00', '0.00'),
(299, '066', 204464, '83.50', '0.00'),
(300, '067', 204464, '58.00', '0.00'),
(301, '068', 204464, '75.00', '0.00'),
(302, '069', 204464, '15.00', '0.00'),
(303, '070', 204464, '15.00', '0.00'),
(304, '071', 204464, '78.00', '0.00'),
(305, '072', 204464, '73.00', '0.00'),
(306, 'DIM01', 204452, '0.00', '54.00'),
(307, 'DIM02', 204452, '0.00', '72.00'),
(308, 'DIM03', 204452, '0.00', '74.00'),
(309, 'DIM04', 204452, '0.00', '66.00'),
(310, 'DIM05', 204452, '0.00', '86.00'),
(311, 'DIM06', 204452, '0.00', '66.00'),
(312, 'DIM07', 204452, '0.00', '86.00'),
(313, 'DIM08', 204452, '0.00', '72.00'),
(314, 'DIM09', 204452, '0.00', '92.00'),
(315, 'DIM10', 204452, '0.00', '64.00'),
(316, 'DIM11', 204452, '0.00', '94.00'),
(317, 'DIM12', 204452, '0.00', '74.00'),
(318, 'DIM13', 204452, '0.00', '74.00'),
(319, 'DIM14', 204452, '0.00', '56.00'),
(320, 'DIM15', 204452, '0.00', '60.00'),
(321, 'DIM01', 204453, '0.00', '60.00'),
(322, 'DIM02', 204453, '0.00', '80.00'),
(323, 'DIM03', 204453, '0.00', '83.00'),
(324, 'DIM04', 204453, '0.00', '52.00'),
(325, 'DIM05', 204453, '0.00', '82.00'),
(326, 'DIM06', 204453, '0.00', '66.00'),
(327, 'DIM07', 204453, '0.00', '70.00'),
(328, 'DIM08', 204453, '0.00', '80.00'),
(329, 'DIM09', 204453, '0.00', '93.00'),
(330, 'DIM10', 204453, '0.00', '65.00'),
(331, 'DIM11', 204453, '0.00', '86.00'),
(332, 'DIM12', 204453, '0.00', '51.00'),
(333, 'DIM13', 204453, '0.00', '77.00'),
(334, 'DIM14', 204453, '0.00', '78.00'),
(335, 'DIM15', 204453, '0.00', '60.00'),
(336, 'DIM01', 204454, '0.00', '53.00'),
(337, 'DIM02', 204454, '0.00', '82.00'),
(338, 'DIM03', 204454, '0.00', '64.00'),
(339, 'DIM04', 204454, '0.00', '50.00'),
(340, 'DIM05', 204454, '0.00', '60.00'),
(341, 'DIM06', 204454, '0.00', '60.00'),
(342, 'DIM07', 204454, '0.00', '83.00'),
(343, 'DIM08', 204454, '0.00', '83.00'),
(344, 'DIM09', 204454, '0.00', '81.00'),
(345, 'DIM10', 204454, '0.00', '67.00'),
(346, 'DIM11', 204454, '0.00', '82.00'),
(347, 'DIM12', 204454, '0.00', '73.00'),
(348, 'DIM13', 204454, '0.00', '81.00'),
(349, 'DIM14', 204454, '0.00', '65.00'),
(350, 'DIM15', 204454, '0.00', '64.00'),
(351, 'DIM01', 204455, '0.00', '74.00'),
(352, 'DIM02', 204455, '0.00', '81.00'),
(353, 'DIM03', 204455, '0.00', '57.00'),
(354, 'DIM04', 204455, '0.00', '61.00'),
(355, 'DIM05', 204455, '0.00', '64.00'),
(356, 'DIM06', 204455, '0.00', '65.00'),
(357, 'DIM07', 204455, '0.00', '91.00'),
(358, 'DIM08', 204455, '0.00', '72.00'),
(359, 'DIM09', 204455, '0.00', '92.00'),
(360, 'DIM10', 204455, '0.00', '35.00'),
(361, 'DIM11', 204455, '0.00', '84.00'),
(362, 'DIM12', 204455, '0.00', '77.00'),
(363, 'DIM13', 204455, '0.00', '84.00'),
(364, 'DIM14', 204455, '0.00', '71.00'),
(365, 'DIM15', 204455, '0.00', '72.00'),
(366, 'DIM01', 204456, '0.00', '85.00'),
(367, 'DIM02', 204456, '0.00', '90.00'),
(368, 'DIM03', 204456, '0.00', '85.00'),
(369, 'DIM04', 204456, '0.00', '70.00'),
(370, 'DIM05', 204456, '0.00', '70.00'),
(371, 'DIM06', 204456, '0.00', '70.00'),
(372, 'DIM07', 204456, '0.00', '100.00'),
(373, 'DIM08', 204456, '0.00', '80.00'),
(374, 'DIM09', 204456, '0.00', '95.00'),
(375, 'DIM10', 204456, '0.00', '70.00'),
(376, 'DIM11', 204456, '0.00', '80.00'),
(377, 'DIM12', 204456, '0.00', '80.00'),
(378, 'DIM13', 204456, '0.00', '70.00'),
(379, 'DIM14', 204456, '0.00', '70.00'),
(380, 'DIM15', 204456, '0.00', '70.00'),
(381, 'IOT01', 204444, '0.00', '42.00'),
(382, 'IOT02', 204444, '0.00', '94.00'),
(383, 'IOT03', 204444, '0.00', '51.00'),
(384, 'IOT04', 204444, '0.00', '52.00'),
(385, 'IOT05', 204444, '0.00', '0.00'),
(386, 'IOT06', 204444, '0.00', '65.00'),
(387, 'IOT07', 204444, '0.00', '0.00'),
(388, 'IOT08', 204444, '0.00', '70.00'),
(389, 'IOT09', 204444, '0.00', '0.00'),
(390, 'IOT10', 204444, '0.00', '61.00'),
(391, 'IOT11', 204444, '0.00', '34.00'),
(392, 'IOT12', 204444, '0.00', '94.00'),
(393, 'IOT13', 204444, '0.00', '48.00'),
(394, 'IOT14', 204444, '0.00', '65.00'),
(395, 'IOT15', 204444, '0.00', '88.00'),
(396, 'IOT16', 204444, '0.00', '0.00'),
(397, 'IOT17', 204444, '0.00', '0.00'),
(398, 'IOT18', 204444, '0.00', '0.00'),
(399, 'IOT19', 204444, '0.00', '0.00'),
(400, 'IOT20', 204444, '0.00', '10.00'),
(401, 'IOT21', 204444, '0.00', '56.00'),
(402, 'IOT22', 204444, '0.00', '0.00'),
(403, 'IOT23', 204444, '0.00', '60.00'),
(404, 'IOT24', 204444, '0.00', '92.00'),
(405, 'IOT25', 204444, '0.00', '96.00'),
(406, 'IOT26', 204444, '0.00', '0.00'),
(407, 'IOT27', 204444, '0.00', '0.00'),
(408, 'IOT28', 204444, '0.00', '0.00'),
(409, 'IOT29', 204444, '0.00', '12.00'),
(410, 'IOT01', 204445, '0.00', '85.00'),
(411, 'IOT02', 204445, '0.00', '78.00'),
(412, 'IOT03', 204445, '0.00', '76.00'),
(413, 'IOT04', 204445, '0.00', '85.00'),
(414, 'IOT05', 204445, '0.00', '0.00'),
(415, 'IOT06', 204445, '0.00', '30.00'),
(416, 'IOT07', 204445, '0.00', '0.00'),
(417, 'IOT08', 204445, '0.00', '75.00'),
(418, 'IOT09', 204445, '0.00', '0.00'),
(419, 'IOT10', 204445, '0.00', '94.00'),
(420, 'IOT11', 204445, '0.00', '63.00'),
(421, 'IOT12', 204445, '0.00', '90.00'),
(422, 'IOT13', 204445, '0.00', '32.00'),
(423, 'IOT14', 204445, '0.00', '51.00'),
(424, 'IOT15', 204445, '0.00', '85.00'),
(425, 'IOT16', 204445, '0.00', '34.00'),
(426, 'IOT17', 204445, '0.00', '20.00'),
(427, 'IOT18', 204445, '0.00', '5.00'),
(428, 'IOT19', 204445, '0.00', '0.00'),
(429, 'IOT20', 204445, '0.00', '40.00'),
(430, 'IOT21', 204445, '0.00', '70.00'),
(431, 'IOT22', 204445, '0.00', '0.00'),
(432, 'IOT23', 204445, '0.00', '90.00'),
(433, 'IOT24', 204445, '0.00', '92.00'),
(434, 'IOT25', 204445, '0.00', '98.00'),
(435, 'IOT26', 204445, '0.00', '0.00'),
(436, 'IOT27', 204445, '0.00', '5.00'),
(437, 'IOT28', 204445, '0.00', '0.00'),
(438, 'IOT29', 204445, '0.00', '33.00'),
(439, 'IOT01', 204446, '0.00', '38.00'),
(440, 'IOT02', 204446, '0.00', '80.00'),
(441, 'IOT03', 204446, '0.00', '46.00'),
(442, 'IOT04', 204446, '0.00', '44.00'),
(443, 'IOT05', 204446, '0.00', '0.00'),
(444, 'IOT06', 204446, '0.00', '50.00'),
(445, 'IOT07', 204446, '0.00', '0.00'),
(446, 'IOT08', 204446, '0.00', '34.00'),
(447, 'IOT09', 204446, '0.00', '0.00'),
(448, 'IOT10', 204446, '0.00', '70.00'),
(449, 'IOT11', 204446, '0.00', '38.00'),
(450, 'IOT12', 204446, '0.00', '74.00'),
(451, 'IOT13', 204446, '0.00', '79.00'),
(452, 'IOT14', 204446, '0.00', '20.00'),
(453, 'IOT15', 204446, '0.00', '70.00'),
(454, 'IOT16', 204446, '0.00', '0.00'),
(455, 'IOT17', 204446, '0.00', '0.00'),
(456, 'IOT18', 204446, '0.00', '0.00'),
(457, 'IOT19', 204446, '0.00', '0.00'),
(458, 'IOT20', 204446, '0.00', '0.00'),
(459, 'IOT21', 204446, '0.00', '10.00'),
(460, 'IOT22', 204446, '0.00', '0.00'),
(461, 'IOT23', 204446, '0.00', '70.00'),
(462, 'IOT24', 204446, '0.00', '100.00'),
(463, 'IOT25', 204446, '0.00', '96.00'),
(464, 'IOT26', 204446, '0.00', '0.00'),
(465, 'IOT27', 204446, '0.00', '0.00'),
(466, 'IOT28', 204446, '0.00', '0.00'),
(467, 'IOT29', 204446, '0.00', '12.00'),
(468, 'IOT01', 204447, '0.00', '0.00'),
(469, 'IOT02', 204447, '0.00', '95.00'),
(470, 'IOT03', 204447, '0.00', '0.00'),
(471, 'IOT04', 204447, '0.00', '90.00'),
(472, 'IOT05', 204447, '0.00', '0.00'),
(473, 'IOT06', 204447, '0.00', '0.00'),
(474, 'IOT07', 204447, '0.00', '0.00'),
(475, 'IOT08', 204447, '0.00', '90.00'),
(476, 'IOT09', 204447, '0.00', '0.00'),
(477, 'IOT10', 204447, '0.00', '100.00'),
(478, 'IOT11', 204447, '0.00', '80.00'),
(479, 'IOT12', 204447, '0.00', '95.00'),
(480, 'IOT13', 204447, '0.00', '80.00'),
(481, 'IOT14', 204447, '0.00', '95.00'),
(482, 'IOT15', 204447, '0.00', '85.00'),
(483, 'IOT16', 204447, '0.00', '0.00'),
(484, 'IOT17', 204447, '0.00', '0.00'),
(485, 'IOT18', 204447, '0.00', '0.00'),
(486, 'IOT19', 204447, '0.00', '0.00'),
(487, 'IOT20', 204447, '0.00', '0.00'),
(488, 'IOT21', 204447, '0.00', '0.00'),
(489, 'IOT22', 204447, '0.00', '0.00'),
(490, 'IOT23', 204447, '0.00', '85.00'),
(491, 'IOT24', 204447, '0.00', '90.00'),
(492, 'IOT25', 204447, '0.00', '100.00'),
(493, 'IOT26', 204447, '0.00', '0.00'),
(494, 'IOT27', 204447, '0.00', '0.00'),
(495, 'IOT28', 204447, '0.00', '0.00'),
(496, 'IOT29', 204447, '0.00', '100.00'),
(497, 'MB01', 204440, '0.00', '90.00'),
(498, 'MB02', 204440, '0.00', '91.00'),
(499, 'MB03', 204440, '0.00', '93.00'),
(500, 'MB04', 204440, '0.00', '17.00'),
(501, 'MB05', 204440, '0.00', '88.00'),
(502, 'MB06', 204440, '0.00', '90.00'),
(503, 'MB07', 204440, '0.00', '61.00'),
(504, 'MB08', 204440, '0.00', '80.00'),
(505, 'MB09', 204440, '0.00', '97.00'),
(506, 'MB10', 204440, '0.00', '92.00'),
(507, 'MB11', 204440, '0.00', '43.00'),
(508, 'MB12', 204440, '0.00', '60.00'),
(509, 'MB13', 204440, '0.00', '92.00'),
(510, 'MB14', 204440, '0.00', '15.00'),
(511, 'MB15', 204440, '0.00', '16.00'),
(512, 'MB16', 204440, '0.00', '51.00'),
(513, 'MB17', 204440, '0.00', '97.00'),
(514, 'MB18', 204440, '0.00', '93.00'),
(515, 'MB19', 204440, '0.00', '14.00'),
(516, 'MB20', 204440, '0.00', '22.00'),
(517, 'MB21', 204440, '0.00', '63.00'),
(518, 'MB22', 204440, '0.00', '87.00'),
(519, 'MB23', 204440, '0.00', '88.00'),
(520, 'MB24', 204440, '0.00', '43.00'),
(521, 'MB25', 204440, '0.00', '17.00'),
(522, 'MB26', 204440, '0.00', '55.00'),
(523, 'MB27', 204440, '0.00', '83.00'),
(524, 'MB28', 204440, '0.00', '52.00'),
(525, 'MB29', 204440, '0.00', '11.00'),
(526, 'MB30', 204440, '0.00', '24.00'),
(527, 'MB31', 204440, '0.00', '15.00'),
(528, 'MB32', 204440, '0.00', '35.00'),
(529, 'MB33', 204440, '0.00', '0.00'),
(530, 'MB34', 204440, '0.00', '15.00'),
(531, 'MB35', 204440, '0.00', '0.00'),
(532, 'MB36', 204440, '0.00', '97.00'),
(533, 'MB37', 204440, '0.00', '42.00'),
(534, 'MB38', 204440, '0.00', '0.00'),
(535, 'MB39', 204440, '0.00', '23.00'),
(536, 'MB01', 204441, '0.00', '70.00'),
(537, 'MB02', 204441, '0.00', '89.00'),
(538, 'MB03', 204441, '0.00', '86.00'),
(539, 'MB04', 204441, '0.00', '23.00'),
(540, 'MB05', 204441, '0.00', '90.00'),
(541, 'MB06', 204441, '0.00', '87.00'),
(542, 'MB07', 204441, '0.00', '50.00'),
(543, 'MB08', 204441, '0.00', '76.00'),
(544, 'MB09', 204441, '0.00', '96.00'),
(545, 'MB10', 204441, '0.00', '85.00'),
(546, 'MB11', 204441, '0.00', '35.00'),
(547, 'MB12', 204441, '0.00', '41.00'),
(548, 'MB13', 204441, '0.00', '66.00'),
(549, 'MB14', 204441, '0.00', '15.00'),
(550, 'MB15', 204441, '0.00', '16.00'),
(551, 'MB16', 204441, '0.00', '43.00'),
(552, 'MB17', 204441, '0.00', '85.00'),
(553, 'MB18', 204441, '0.00', '85.00'),
(554, 'MB19', 204441, '0.00', '19.00'),
(555, 'MB20', 204441, '0.00', '16.00'),
(556, 'MB21', 204441, '0.00', '46.00'),
(557, 'MB22', 204441, '0.00', '90.00'),
(558, 'MB23', 204441, '0.00', '67.00'),
(559, 'MB24', 204441, '0.00', '33.00'),
(560, 'MB25', 204441, '0.00', '15.00'),
(561, 'MB26', 204441, '0.00', '41.00'),
(562, 'MB27', 204441, '0.00', '61.00'),
(563, 'MB28', 204441, '0.00', '40.00'),
(564, 'MB29', 204441, '0.00', '14.00'),
(565, 'MB30', 204441, '0.00', '23.00'),
(566, 'MB31', 204441, '0.00', '21.00'),
(567, 'MB32', 204441, '0.00', '33.00'),
(568, 'MB33', 204441, '0.00', '0.00'),
(569, 'MB34', 204441, '0.00', '19.00'),
(570, 'MB35', 204441, '0.00', '0.00'),
(571, 'MB36', 204441, '0.00', '92.00'),
(572, 'MB37', 204441, '0.00', '30.00'),
(573, 'MB38', 204441, '0.00', '0.00'),
(574, 'MB39', 204441, '0.00', '19.00'),
(575, 'MB01', 204442, '0.00', '76.50'),
(576, 'MB02', 204442, '0.00', '82.50'),
(577, 'MB03', 204442, '0.00', '75.53'),
(578, 'MB04', 204442, '0.00', '75.53'),
(579, 'MB05', 204442, '0.00', '82.50'),
(580, 'MB06', 204442, '0.00', '82.50'),
(581, 'MB07', 204442, '0.00', '72.50'),
(582, 'MB08', 204442, '0.00', '82.50'),
(583, 'MB09', 204442, '0.00', '82.50'),
(584, 'MB10', 204442, '0.00', '82.50'),
(585, 'MB11', 204442, '0.00', '76.50'),
(586, 'MB12', 204442, '0.00', '76.50'),
(587, 'MB13', 204442, '0.00', '76.50'),
(588, 'MB14', 204442, '0.00', '75.53'),
(589, 'MB15', 204442, '0.00', '77.55'),
(590, 'MB16', 204442, '0.00', '72.50'),
(591, 'MB17', 204442, '0.00', '82.50'),
(592, 'MB18', 204442, '0.00', '76.50'),
(593, 'MB19', 204442, '0.00', '0.00'),
(594, 'MB20', 204442, '0.00', '0.00'),
(595, 'MB21', 204442, '0.00', '74.52'),
(596, 'MB22', 204442, '0.00', '74.52'),
(597, 'MB23', 204442, '0.00', '82.50'),
(598, 'MB24', 204442, '0.00', '72.50'),
(599, 'MB25', 204442, '0.00', '77.55'),
(600, 'MB26', 204442, '0.00', '82.50'),
(601, 'MB27', 204442, '0.00', '77.55'),
(602, 'MB28', 204442, '0.00', '75.53'),
(603, 'MB29', 204442, '0.00', '77.55'),
(604, 'MB30', 204442, '0.00', '0.00'),
(605, 'MB31', 204442, '0.00', '0.00'),
(606, 'MB32', 204442, '0.00', '0.00'),
(607, 'MB33', 204442, '0.00', '0.00'),
(608, 'MB34', 204442, '0.00', '72.50'),
(609, 'MB35', 204442, '0.00', '75.53'),
(610, 'MB36', 204442, '0.00', '75.53'),
(611, 'MB37', 204442, '0.00', '72.50'),
(612, 'MB38', 204442, '0.00', '72.50'),
(613, 'MB39', 204442, '0.00', '72.50'),
(614, 'MB01', 204443, '0.00', '83.00'),
(615, 'MB02', 204443, '0.00', '83.00'),
(616, 'MB03', 204443, '0.00', '73.00'),
(617, 'MB04', 204443, '0.00', '73.00'),
(618, 'MB05', 204443, '0.00', '83.00'),
(619, 'MB06', 204443, '0.00', '83.00'),
(620, 'MB07', 204443, '0.00', '73.00'),
(621, 'MB08', 204443, '0.00', '83.00'),
(622, 'MB09', 204443, '0.00', '83.00'),
(623, 'MB10', 204443, '0.00', '83.00'),
(624, 'MB11', 204443, '0.00', '83.00'),
(625, 'MB12', 204443, '0.00', '83.00'),
(626, 'MB13', 204443, '0.00', '83.00'),
(627, 'MB14', 204443, '0.00', '73.00'),
(628, 'MB15', 204443, '0.00', '83.00'),
(629, 'MB16', 204443, '0.00', '73.00'),
(630, 'MB17', 204443, '0.00', '83.00'),
(631, 'MB18', 204443, '0.00', '83.00'),
(632, 'MB19', 204443, '0.00', '0.00'),
(633, 'MB20', 204443, '0.00', '0.00'),
(634, 'MB21', 204443, '0.00', '75.00'),
(635, 'MB22', 204443, '0.00', '75.00'),
(636, 'MB23', 204443, '0.00', '83.00'),
(637, 'MB24', 204443, '0.00', '73.00'),
(638, 'MB25', 204443, '0.00', '83.00'),
(639, 'MB26', 204443, '0.00', '83.00'),
(640, 'MB27', 204443, '0.00', '83.00'),
(641, 'MB28', 204443, '0.00', '73.00'),
(642, 'MB29', 204443, '0.00', '0.00'),
(643, 'MB30', 204443, '0.00', '0.00'),
(644, 'MB31', 204443, '0.00', '0.00'),
(645, 'MB32', 204443, '0.00', '0.00'),
(646, 'MB33', 204443, '0.00', '0.00'),
(647, 'MB34', 204443, '0.00', '73.00'),
(648, 'MB35', 204443, '0.00', '73.00'),
(649, 'MB36', 204443, '0.00', '73.00'),
(650, 'MB37', 204443, '0.00', '73.00'),
(651, 'MB38', 204443, '0.00', '73.00'),
(652, 'MB39', 204443, '0.00', '73.00'),
(653, 'VD01', 204457, '0.00', '70.11'),
(654, 'VD02', 204457, '0.00', '70.56'),
(655, 'VD03', 204457, '0.00', '10.00'),
(656, 'VD04', 204457, '0.00', '62.22'),
(657, 'VD05', 204457, '0.00', '70.67'),
(658, 'VD06', 204457, '0.00', '18.89'),
(659, 'VD07', 204457, '0.00', '70.89'),
(660, 'VD08', 204457, '0.00', '70.89'),
(661, 'VD09', 204457, '0.00', '23.33'),
(662, 'VD10', 204457, '0.00', '0.00'),
(663, 'VD11', 204457, '0.00', '17.78'),
(664, 'VD12', 204457, '0.00', '6.11'),
(665, 'VD13', 204457, '0.00', '78.89'),
(666, 'VD14', 204457, '0.00', '0.00'),
(667, 'VD15', 204457, '0.00', '0.00'),
(668, 'VD16', 204457, '0.00', '0.00'),
(669, 'VD17', 204457, '0.00', '0.00'),
(670, 'VD18', 204457, '0.00', '0.00'),
(671, 'VD19', 204457, '0.00', '0.00'),
(672, 'VD20', 204457, '0.00', '0.00'),
(673, 'VD21', 204457, '0.00', '0.00'),
(674, 'VD22', 204457, '0.00', '0.00'),
(675, 'VD01', 204458, '0.00', '90.00'),
(676, 'VD02', 204458, '0.00', '70.00'),
(677, 'VD03', 204458, '0.00', '0.00'),
(678, 'VD04', 204458, '0.00', '0.00'),
(679, 'VD05', 204458, '0.00', '95.00'),
(680, 'VD06', 204458, '0.00', '0.00'),
(681, 'VD07', 204458, '0.00', '90.00'),
(682, 'VD08', 204458, '0.00', '70.00'),
(683, 'VD09', 204458, '0.00', '0.00'),
(684, 'VD10', 204458, '0.00', '0.00'),
(685, 'VD11', 204458, '0.00', '0.00'),
(686, 'VD12', 204458, '0.00', '0.00'),
(687, 'VD13', 204458, '0.00', '82.50'),
(688, 'VD14', 204458, '0.00', '0.00'),
(689, 'VD15', 204458, '0.00', '0.00'),
(690, 'VD16', 204458, '0.00', '0.00'),
(691, 'VD17', 204458, '0.00', '0.00'),
(692, 'VD18', 204458, '0.00', '0.00'),
(693, 'VD19', 204458, '0.00', '0.00'),
(694, 'VD20', 204458, '0.00', '0.00'),
(695, 'VD21', 204458, '0.00', '0.00'),
(696, 'VD22', 204458, '0.00', '0.00'),
(697, 'VD01', 204459, '0.00', '75.00'),
(698, 'VD02', 204459, '0.00', '75.00'),
(699, 'VD03', 204459, '0.00', '0.00'),
(700, 'VD04', 204459, '0.00', '61.54'),
(701, 'VD05', 204459, '0.00', '70.46'),
(702, 'VD06', 204459, '0.00', '0.00'),
(703, 'VD07', 204459, '0.00', '70.38'),
(704, 'VD08', 204459, '0.00', '70.77'),
(705, 'VD09', 204459, '0.00', '0.00'),
(706, 'VD10', 204459, '0.00', '0.00'),
(707, 'VD11', 204459, '0.00', '0.00'),
(708, 'VD12', 204459, '0.00', '0.00'),
(709, 'VD13', 204459, '0.00', '70.38'),
(710, 'VD14', 204459, '0.00', '0.00'),
(711, 'VD15', 204459, '0.00', '0.00'),
(712, 'VD16', 204459, '0.00', '0.00'),
(713, 'VD17', 204459, '0.00', '0.00'),
(714, 'VD18', 204459, '0.00', '0.00'),
(715, 'VD19', 204459, '0.00', '0.00'),
(716, 'VD20', 204459, '0.00', '0.00'),
(717, 'VD21', 204459, '0.00', '0.00'),
(718, 'VD22', 204459, '0.00', '0.00'),
(719, 'VD01', 204460, '0.00', '77.27'),
(720, 'VD02', 204460, '0.00', '70.18'),
(721, 'VD03', 204460, '0.00', '0.00'),
(722, 'VD04', 204460, '0.00', '60.09'),
(723, 'VD05', 204460, '0.00', '72.73'),
(724, 'VD06', 204460, '0.00', '0.00'),
(725, 'VD07', 204460, '0.00', '90.91'),
(726, 'VD08', 204460, '0.00', '81.82'),
(727, 'VD09', 204460, '0.00', '0.00'),
(728, 'VD10', 204460, '0.00', '0.00'),
(729, 'VD11', 204460, '0.00', '0.00'),
(730, 'VD12', 204460, '0.00', '0.00'),
(731, 'VD13', 204460, '0.00', '81.82'),
(732, 'VD14', 204460, '0.00', '0.00'),
(733, 'VD15', 204460, '0.00', '0.00'),
(734, 'VD16', 204460, '0.00', '0.00'),
(735, 'VD17', 204460, '0.00', '0.00'),
(736, 'VD18', 204460, '0.00', '0.00'),
(737, 'VD19', 204460, '0.00', '0.00'),
(738, 'VD20', 204460, '0.00', '0.00'),
(739, 'VD21', 204460, '0.00', '0.00'),
(740, 'VD22', 204460, '0.00', '0.00'),
(741, 'MS01', 204465, '30.00', '34.00'),
(742, 'MS02', 204465, '0.00', '0.00'),
(743, 'MS03', 204465, '35.00', '43.19'),
(744, 'MS04', 204465, '32.00', '0.00'),
(745, 'MS05', 204465, '0.00', '0.00'),
(746, 'MS06', 204465, '30.00', '41.19'),
(747, 'MS07', 204465, '0.00', '0.00'),
(748, 'MS08', 204465, '29.00', '25.13'),
(749, 'MS09', 204465, '33.00', '35.38'),
(750, 'MS10', 204465, '3.00', '27.75'),
(751, 'MS11', 204465, '29.00', '6.13'),
(752, 'MS12', 204465, '0.00', '0.00'),
(753, 'MS13', 204465, '0.00', '0.00'),
(754, 'MS14', 204465, '28.00', '32.50'),
(755, 'MS15', 204465, '36.00', '42.19'),
(756, 'MS16', 204465, '31.00', '20.50'),
(757, 'MS17', 204465, '0.00', '0.00'),
(758, 'MS18', 204465, '25.00', '37.63'),
(759, 'MS19', 204465, '13.00', '8.00'),
(760, 'MS20', 204465, '30.00', '45.88'),
(761, 'MS21', 204465, '0.00', '0.00'),
(762, 'MS22', 204465, '32.00', '39.13'),
(763, 'MS23', 204465, '46.00', '48.19'),
(764, 'MS24', 204465, '21.00', '37.63'),
(765, 'MS25', 204465, '11.00', '8.50'),
(766, 'MS26', 204465, '28.00', '21.94'),
(767, 'MS27', 204465, '35.00', '37.13'),
(768, 'MS28', 204465, '27.00', '8.00'),
(769, '024', 204465, '29.00', '0.00'),
(770, 'MS30', 204465, '21.00', '26.63'),
(771, 'MS31', 204465, '27.00', '36.50'),
(772, 'MS32', 204465, '27.00', '37.63'),
(773, 'MS33', 204465, '24.00', '37.13'),
(774, 'MS34', 204465, '0.00', '0.00'),
(775, 'MS35', 204465, '25.00', '28.63'),
(776, 'MS36', 204465, '18.00', '19.00'),
(777, 'MS37', 204465, '0.00', '0.00'),
(778, 'MS38', 204465, '0.00', '0.00'),
(779, 'MS39', 204465, '34.00', '49.75'),
(780, 'MS40', 204465, '25.00', '0.00'),
(781, 'MS41', 204465, '25.00', '35.63'),
(782, 'MS42', 204465, '33.00', '34.63'),
(783, 'MS43', 204465, '0.00', '0.00'),
(784, 'MS44', 204465, '30.00', '33.50'),
(785, 'MS01', 204466, '0.00', '87.40'),
(786, 'MS02', 204466, '0.00', '87.40'),
(787, 'MS03', 204466, '0.00', '87.40'),
(788, 'MS04', 204466, '0.00', '82.20'),
(789, 'MS05', 204466, '0.00', '74.00'),
(790, 'MS06', 204466, '0.00', '87.40'),
(791, 'MS07', 204466, '0.00', '82.20'),
(792, 'MS08', 204466, '0.00', '87.40'),
(793, 'MS09', 204466, '0.00', '87.40'),
(794, 'MS10', 204466, '0.00', '74.00'),
(795, 'MS11', 204466, '0.00', '74.00'),
(796, 'MS12', 204466, '0.00', '74.00'),
(797, 'MS13', 204466, '0.00', '0.00'),
(798, 'MS14', 204466, '0.00', '82.20'),
(799, 'MS15', 204466, '0.00', '87.40'),
(800, 'MS16', 204466, '0.00', '82.20'),
(801, 'MS17', 204466, '0.00', '0.00'),
(802, 'MS18', 204466, '0.00', '82.20'),
(803, 'MS19', 204466, '0.00', '84.80'),
(804, 'MS20', 204466, '0.00', '87.40'),
(805, 'MS21', 204466, '0.00', '0.00'),
(806, 'MS22', 204466, '0.00', '84.80'),
(807, 'MS23', 204466, '0.00', '82.20'),
(808, 'MS24', 204466, '0.00', '87.40'),
(809, 'MS25', 204466, '0.00', '82.20'),
(810, 'MS26', 204466, '0.00', '84.80'),
(811, 'MS27', 204466, '0.00', '82.20'),
(812, 'MS28', 204466, '0.00', '84.80'),
(813, '024', 204466, '0.00', '74.00'),
(814, 'MS30', 204466, '0.00', '82.20'),
(815, 'MS31', 204466, '0.00', '82.20'),
(816, 'MS32', 204466, '0.00', '82.20'),
(817, 'MS33', 204466, '0.00', '82.20'),
(818, 'MS34', 204466, '0.00', '0.00'),
(819, 'MS35', 204466, '0.00', '82.20'),
(820, 'MS36', 204466, '0.00', '82.20'),
(821, 'MS37', 204466, '0.00', '0.00'),
(822, 'MS38', 204466, '0.00', '0.00'),
(823, 'MS39', 204466, '0.00', '82.20'),
(824, 'MS40', 204466, '0.00', '84.80'),
(825, 'MS41', 204466, '0.00', '82.20'),
(826, 'MS42', 204466, '0.00', '82.20'),
(827, 'MS43', 204466, '0.00', '0.00'),
(828, 'MS44', 204466, '0.00', '82.20'),
(829, 'MS01', 204467, '50.00', '24.00'),
(830, 'MS02', 204467, '0.00', '0.00'),
(831, 'MS03', 204467, '34.00', '24.00'),
(832, 'MS04', 204467, '45.00', '25.00'),
(833, 'MS05', 204467, '0.00', '0.00'),
(834, 'MS06', 204467, '25.00', '23.00'),
(835, 'MS07', 204467, '0.00', '0.00'),
(836, 'MS08', 204467, '50.00', '23.00'),
(837, 'MS09', 204467, '29.00', '25.00'),
(838, 'MS10', 204467, '30.00', '22.00'),
(839, 'MS11', 204467, '51.00', '0.00'),
(840, 'MS12', 204467, '0.00', '0.00'),
(841, 'MS13', 204467, '0.00', '0.00'),
(842, 'MS14', 204467, '41.00', '22.00'),
(843, 'MS15', 204467, '39.00', '24.00'),
(844, 'MS16', 204467, '37.00', '23.00'),
(845, 'MS17', 204467, '0.00', '0.00'),
(846, 'MS18', 204467, '37.00', '24.00'),
(847, 'MS19', 204467, '31.00', '0.00'),
(848, 'MS20', 204467, '36.00', '24.00'),
(849, 'MS21', 204467, '0.00', '0.00'),
(850, 'MS22', 204467, '45.00', '25.00'),
(851, 'MS23', 204467, '63.00', '22.00'),
(852, 'MS24', 204467, '33.00', '23.00'),
(853, 'MS25', 204467, '34.00', '22.00'),
(854, 'MS26', 204467, '35.00', '23.00'),
(855, 'MS27', 204467, '42.00', '24.00'),
(856, 'MS28', 204467, '55.00', '25.00'),
(857, '024', 204467, '10.00', '0.00'),
(858, 'MS30', 204467, '37.00', '23.00'),
(859, 'MS31', 204467, '46.00', '24.00'),
(860, 'MS32', 204467, '37.00', '25.00'),
(861, 'MS33', 204467, '42.00', '25.00'),
(862, 'MS34', 204467, '0.00', '0.00'),
(863, 'MS35', 204467, '40.00', '22.00'),
(864, 'MS36', 204467, '37.00', '24.00'),
(865, 'MS37', 204467, '0.00', '0.00'),
(866, 'MS38', 204467, '0.00', '0.00'),
(867, 'MS39', 204467, '48.00', '22.00'),
(868, 'MS40', 204467, '21.00', '0.00'),
(869, 'MS41', 204467, '38.00', '24.00'),
(870, 'MS42', 204467, '33.00', '0.00'),
(871, 'MS43', 204467, '0.00', '0.00'),
(872, 'MS44', 204467, '20.00', '22.00'),
(873, 'MS01', 204468, '0.00', '80.12'),
(874, 'MS02', 204468, '0.00', '80.12'),
(875, 'MS03', 204468, '0.00', '80.12'),
(876, 'MS04', 204468, '0.00', '86.28'),
(877, 'MS05', 204468, '0.00', '77.36'),
(878, 'MS06', 204468, '0.00', '81.68'),
(879, 'MS07', 204468, '0.00', '86.28'),
(880, 'MS08', 204468, '0.00', '80.12'),
(881, 'MS09', 204468, '0.00', '81.68'),
(882, 'MS10', 204468, '0.00', '77.36'),
(883, 'MS11', 204468, '0.00', '77.36'),
(884, 'MS12', 204468, '0.00', '77.36'),
(885, 'MS13', 204468, '0.00', '0.00'),
(886, 'MS14', 204468, '0.00', '88.44'),
(887, 'MS15', 204468, '0.00', '81.68'),
(888, 'MS16', 204468, '0.00', '87.84'),
(889, 'MS17', 204468, '0.00', '0.00'),
(890, 'MS18', 204468, '0.00', '87.84'),
(891, 'MS19', 204468, '0.00', '86.10'),
(892, 'MS20', 204468, '0.00', '81.68'),
(893, 'MS21', 204468, '0.00', '0.00'),
(894, 'MS22', 204468, '0.00', '86.10'),
(895, 'MS23', 204468, '0.00', '88.44'),
(896, 'MS24', 204468, '0.00', '81.68'),
(897, 'MS25', 204468, '0.00', '87.84'),
(898, 'MS26', 204468, '0.00', '86.10'),
(899, 'MS27', 204468, '0.00', '88.44'),
(900, 'MS28', 204468, '0.00', '86.10'),
(901, '024', 204468, '0.00', '77.36'),
(902, 'MS30', 204468, '0.00', '87.84'),
(903, 'MS31', 204468, '0.00', '87.84'),
(904, 'MS32', 204468, '0.00', '86.28'),
(905, 'MS33', 204468, '0.00', '86.28'),
(906, 'MS34', 204468, '0.00', '0.00'),
(907, 'MS35', 204468, '0.00', '88.44'),
(908, 'MS36', 204468, '0.00', '86.28'),
(909, 'MS37', 204468, '0.00', '0.00'),
(910, 'MS38', 204468, '0.00', '0.00'),
(911, 'MS39', 204468, '0.00', '87.84'),
(912, 'MS40', 204468, '0.00', '86.10'),
(913, 'MS41', 204468, '0.00', '88.44'),
(914, 'MS42', 204468, '0.00', '88.44'),
(915, 'MS43', 204468, '0.00', '0.00'),
(916, 'MS44', 204468, '0.00', '88.44');

-- --------------------------------------------------------

--
-- Table structure for table `program`
--

CREATE TABLE `program` (
  `program_id` int(11) NOT NULL,
  `program_name_th` varchar(500) NOT NULL,
  `program_name_en` varchar(500) NOT NULL,
  `program_objective` text NOT NULL,
  `cert_id` int(11) NOT NULL
) ENGINE=InnoDB DEFAULT CHARSET=utf8;

--
-- Dumping data for table `program`
--

INSERT INTO `program` (`program_id`, `program_name_th`, `program_name_en`, `program_objective`, `cert_id`) VALUES
(1, 'หลักสูตรสัมฤทธิบัตรการวิเคราะห์ข้อมูลเชิงลึกทางธุรกิจ', 'Certificate Program in Business Insight Analytics', '1)  	เพื่อผลิตบัณฑิตที่มีความรู้ ความสามารถ และทักษะในการวิเคราะห์ข้อมูลเชิงลึกทางธุรกิจ\n2)  	เพื่อผลิตบัณฑิตที่รู้ชัดปฏิบัติได้ในวิชาชีพด้านการวิเคราะห์ข้อมูลเชิงลึกทางธุรกิจ\n3)  	เพื่อตอบสนองความต้องการกำลังคนทางด้านเทคโนโลยีดิจิทัลของหน่วยงานภาครัฐ ภาคเอกชน และการประกอบอาชีพอิสระได้', 1),
(2, 'หลักสูตรสัมฤทธิบัตรโปรแกรมประยุกต์บนอุปกรณ์เคลื่อนที่', 'Certificate Program in Mobile Application', '1)	เพื่อผลิตบัณฑิตที่มีความรู้ ความสามารถ และทักษะในการออกแบบและพัฒนาโปรแกรมประยุกต์บนอุปกรณ์เคลื่อนที่ ซึ่งสามารถทำงานข้ามแพลตฟอร์มได้\r\n2)	เพื่อผลิตบัณฑิตที่รู้ชัดปฏิบัติได้ในวิชาชีพด้านโปรแกรมประยุกต์บนอุปกรณ์เคลื่อนที่\r\n3)	เพื่อตอบสนองความต้องการกำลังคนทางด้านเทคโนโลยีดิจิทัลของหน่วยงานภาครัฐ ภาคเอกชน และการประกอบอาชีพอิสระได้\r\n', 2),
(3, 'หลักสูตรสัมฤทธิบัตรอินเทอร์เน็ตของสรรพสิ่ง', 'Certificate Program in Internet of Things', '1)	เพื่อผลิตบัณฑิตที่มีความรู้ ความสามารถ และทักษะในการออกแบบและพัฒนาอินเทอร์เน็ตของสรรพสิ่ง\r\n2)	เพื่อผลิตบัณฑิตที่รู้ชัดปฏิบัติได้ในวิชาชีพด้านอินเทอร์เน็ตของสรรพสิ่ง\r\n3)	เพื่อตอบสนองความต้องการกำลังคนทางด้านเทคโนโลยีดิจิทัลของหน่วยงานภาครัฐ ภาคเอกชน และการประกอบอาชีพอิสระได้\r\n', 3),
(4, 'หลักสูตรสัมฤทธิบัตรการจัดการสารสนเทศดิจิทัล', 'Certificate Program in Digital Information Management', '1)	เพื่อผลิตบัณฑิตที่มีความรู้ ความสามารถ และทักษะในการออกแบบ การพัฒนา การจัดระบบ และการสงวนรักษาสารสนเทศดิจิทัลได้\n2)	เพื่อผลิตบัณฑิตที่รู้ชัดปฏิบัติได้ในวิชาชีพด้านการจัดการสารสนเทศดิจิทัล\n3)	เพื่อตอบสนองความต้องการกำลังคนทางด้านเทคโนโลยีดิจิทัลของหน่วยงานภาครัฐ ภาคเอกชน และการประกอบอาชีพอิสระได้ ', 4),
(5, 'หลักสูตรสัมฤทธิบัตรการออกแบบวิชวลสำหรับสื่อดิจิทัล', 'Certificate Program in Visual Design for Digital Media', '1)	เพื่อผลิตบัณฑิตที่มีความรู้ ความสามารถ และทักษะในการออกแบบวิชวลสำหรับสื่อดิจิทัล\r\n2)	เพื่อผลิตบัณฑิตที่รู้ชัดปฏิบัติได้ มีความเชี่ยวชาญเฉพาะทางในวิชาชีพด้านการออกแบบวิชวลสำหรับสื่อดิจิทัล\r\n3)	เพื่อผลิตบัณฑิตที่มีคุณภาพ ยึดมั่นในคุณธรรมและจรรยาบรรณแห่งวิชาชีพ และสามารถประกอบวิชาชีพด้านการออกแบบวิชวลสำหรับสื่อดิจิทัลได้อย่างมีประสิทธิภาพ', 5),
(6, 'หลักสูตรสัมฤทธิบัตรการสร้างสรรค์เนื้อหาออนไลน์', 'Certificate Program in Online Content Creation', '1)	เพื่อผลิตบัณฑิตที่มีความรู้ ความสามารถ และทักษะในการสร้างสรรค์เนื้อหาออนไลน์\r\n2)	เพื่อผลิตบัณฑิตที่ความเชี่ยวชาญเฉพาะทางในวิชาชีพด้านการสร้างสรรค์เนื้อหาออนไลน์\r\n3)	เพื่อผลิตบัณฑิตที่มีคุณภาพ ยึดมั่นในคุณธรรมและจรรยาบรรณแห่งวิชาชีพ และสามารถประกอบวิชาชีพด้านการสร้างสรรค์และเผยแพร่เนื้อหาออนไลน์', 6),
(7, 'หลักสูตรสัมฤทธิบัตรการจัดการโครงการซอฟต์แวร์สมัยใหม่', 'Certificate Program in Modern Software Project Management', '1)	เพื่อผลิตบัณฑิตที่มีความรู้ ความสามารถ และทักษะในการจัดการโครงการซอฟต์แวร์ด้วยเทคนิคและวิธีการสมัยใหม่\r\n2)	เพื่อผลิตบัณฑิตที่รู้ชัดปฏิบัติได้ในวิชาชีพด้านการจัดการโครงการซอฟต์แวร์\r\n3)	เพื่อตอบสนองความต้องการกำลังคนทางด้านเทคโนโลยีดิจิทัลของหน่วยงานภาครัฐ ภาคเอกชน และการประกอบอาชีพอิสระได้\r\n', 7),
(8, 'หลักสูตรสัมฤทธิบัตรเทคโนโลยีดิจิทัลเชิงวิจัยแบบครอบคลุม', 'Certificate in Comprehensive Research-Oriented Digital Technology', '', 8),
(9, 'หลักสูตรสัมฤทธิบัตรปัญญาประดิษฐ์', 'Certificate in Artificial Intelligence', '', 9),
(10, 'หลักสูตรสัมฤทธิบัตรการเปลี่ยนผ่านสู่ดิจิทัล', 'Certificate in Digital Transformation', '', 10),
(11, 'หลักสูตรสัมฤทธิบัตรการบริหารจัดการข้อมูลองค์กร', 'Certificate in Enterprise Information Management', '', 11),
(12, 'หลักสูตรสัมฤทธิบัตรการจัดการความรู้', 'Certificate in Knowledge Management', '', 12),
(13, 'หลักสูตรสัมฤทธิบัตรการเรียนรู้ดิจิทัล', 'Certificate in Digital Learning', '', 13),
(14, 'หลักสูตรสัมฤทธิบัตรเทคโนโลยีแอนิเมชัน', 'Certificate in Animation Technology', '', 14),
(15, 'หลักสูตรสัมฤทธิบัตรการออกแบบส่วนต่อประสานกับผู้ใช้', 'Certificate in User Interface Design', '', 15),
(16, 'หลักสูตรสัมฤทธิบัตรการออกแบบประสบการณ์ผู้ใช้', 'Certificate in User Experience Design', '', 16),
(17, 'หลักสูตรสัมฤทธิบัตรการบริหารธุรกิจสื่อดิจิทัลและผู้ประกอบการ', 'Certificate in Digital Media Business and Entrepreneurs Administration', '', 17),
(18, 'หลักสูตรสัมฤทธิบัตรพิเศษเกี่ยวกับเทคโนโลยีดิจิทัลอุบัติใหม่ 1', 'Certificate in Special Modules in Emerging Digital Technology I', '', 18),
(19, 'หลักสูตรสัมฤทธิบัตรพิเศษเกี่ยวกับเทคโนโลยีดิจิทัลอุบัติใหม่ 2', 'Certificate in Special Modules in Emerging Digital Technology II', '', 19),
(20, 'หลักสูตรสัมฤทธิบัตรพิเศษเกี่ยวกับเทคโนโลยีดิจิทัลอุบัติใหม่ 3', 'Certificate in Special Modules in Emerging Digital Technology III', '', 20),
(21, 'หลักสูตรสัมฤทธิบัตรการรักษาความมั่นคงปลอดภัยเครือข่ายและสารสนเทศ', 'Certificate in Computer Network and Information Security', '', 21),
(22, 'หลักสูตรสัมฤทธิบัตรการจัดการโครงการซอฟต์แวร์สมัยใหม่', 'Certificate in Modern Software Project Management\r\nModule', '', 22),
(23, 'หลักสูตรสัมฤทธิบัตรเทคโนโลยีดิจิทัลเชิงวิจัยแบบครอบคลุม', 'Certificate in Comprehensive Research-Oriented Digital Technology', '', 23),
(24, 'หลักสูตรสัมฤทธิบัตรการจัดการโครงการซอฟต์แวร์สมัยใหม่', 'Certificate in Modern Software Project Management', '', 24),
(25, 'หลักสูตรสัมฤทธิบัตรโปรแกรมประยุกต์บนอุปกรณ์เคลื่อนที่', 'Certificate in Mobile Application', '', 25),
(26, 'หลักสูตรสัมฤทธิบัตรอินเทอร์เน็ตของสรรพสิ่ง', 'Certificate inInternet of Things', '', 26),
(27, 'หลักสูตรสัมฤทธิบัตรปัญญาประดิษฐ์', 'Certificate in Artificial Intelligence', '', 27),
(28, 'หลักสูตรสัมฤทธิบัตรการวิเคราะห์ข้อมูลเชิงลึกทางธุรกิจ\r\n', 'Certificate in Business Insight Analytics\r\n', '', 28),
(29, 'หลักสูตรสัมฤทธิบัตรการเปลี่ยนผ่านสู่ดิจิทัล\r\n', 'Certificate in Digital Transformation', '', 29),
(30, 'หลักสูตรสัมฤทธิบัตรการบริหารจัดการข้อมูลองค์กร', 'Certificate in Enterprise Information Management', '', 30),
(31, 'หลักสูตรสัมฤทธิบัตรการจัดการความรู้', 'Certificate in Knowledge Management', '', 31),
(32, 'หลักสูตรสัมฤทธิบัตรการจัดการสารสนเทศดิจิทัล', 'Certificate in Digital Information Management', '', 32),
(33, 'หลักสูตรสัมฤทธิบัตรการเรียนรู้ดิจิทัล', 'Certificate in Digital Learning', '', 33),
(34, 'หลักสูตรสัมฤทธิบัตรการออกแบบวิชวลสำหรับสื่อดิจิทัล', 'Certificate in Visual Design for Digital Media\r\n', '', 34),
(35, 'สัมฤทธิบัตรการสร้างสรรค์เนื้อหาออนไลน์\r\n', 'Certificate in Online Content Creation\r\n', '', 35),
(36, 'หลักสูตรสัมฤทธิบัตรเทคโนโลยีแอนิเมชัน', 'Certificate in Animation Technology', '', 36),
(37, 'หลักสูตรสัมฤทธิบัตรการออกแบบส่วนต่อประสานกับผู้ใช้\r\n', 'Certificate in User Interface Design', '', 37),
(38, 'หลักสูตรสัมฤทธิบัตรการออกแบบประสบการณ์ผู้ใช้', 'Certificate in User Experience Design', '', 38),
(39, 'สัมฤทธิบัตรการบริหารธุรกิจสื่อดิจิทัลและผู้ประกอบการ', 'Certificate in Digital Media Business and Entrepreneurs Administration', '', 39),
(40, 'หลักสูตรสัมฤทธิบัตรพิเศษเกี่ยวกับเทคโนโลยีดิจิทัลอุบัติใหม่ 3', 'Certificate in Special Modules in Emerging Digital Technology III', '', 40),
(41, 'หลักสูตรสัมฤทธิบัตรพิเศษเกี่ยวกับเทคโนโลยีดิจิทัลอุบัติใหม่ 1', 'Certificate in Special Modules in Emerging Digital Technology I\r\n', '', 41),
(42, 'หลักสูตรสัมฤทธิบัตรพิเศษเกี่ยวกับเทคโนโลยีดิจิทัลอุบัติใหม่ 2', 'Certificate in Special Modules in Emerging Digital Technology II', '', 42),
(43, 'หลักสูตรสัมฤทธิบัตรเทคโนโลยีดิจิทัลเชิงวิจัยสำหรับดุษฎีบัณฑิต', 'Certificate in Ph.D. Research-Oriented Digital Technology', '', 43),
(44, 'หลักสูตรสัมฤทธิบัตรการรักษาความมั่นคงปลอดภัยเครือข่ายและสารสนเทศ\r\n', 'Certificate in Computer Network and Information Security', '', 44),
(67, 'หลักสูตรสัมฤทธิบัตรการบริหารเทคโนโลยีดิจิทัล', 'Certificate in Digital Technology Administration', '', 67),
(68, 'หลักสูตรสัมฤทธิบัตรความรู้เบื้องต้นเกี่ยวกับวิชาชีพนักพัฒนาซอฟต์แวร์\r\n', 'Certificate in Introduction to Software Developer Professionals', '', 68),
(69, 'หลักสูตรสัมฤทธิบัตรสื่อดิจิทัลและธุรกิจ', 'Certificate in Digital Media and Business', '', 69),
(70, 'หลักสูตรสัมฤทธิบัตรการออกแบบทัศนสาร', 'Certificate in Visual Message Design', '', 70),
(71, 'หลักสูตรสัมฤทธิบัตรการผลิตข้ามสื่อ', 'Certificate in Transmedia Production', '', 71),
(72, 'หลักสูตรสัมฤทธิบัตรการผลิตสื่อประสมและแอนิเมชัน', 'Certificate in Multimedia and Animation Production', '', 72),
(73, 'หลักสูตรสัมฤทธิบัตรการผลิตแอนิเมชัน 3 มิต', 'Certificate in 3D Animation Production', '', 73),
(74, 'หลักสูตรสัมฤทธิบัตรภาษาอังกฤษสําหรับวิชาชีพนิเทศศาสตร์ดิจิทัล', 'Certificate in English for Digital Communication Professionals', '', 74),
(75, 'หละักสูตรสัมฤทธิบัตรโครงงานนิเทศศาสตร์ดิจิทัล', 'Certificate in Project in Digital Communication', '', 75),
(76, 'หลักสูตรสัมฤทธิบัตรการเขียนเนื้อหาดิจิทัล', 'Certificate in Digital Content Writing', '', 76),
(77, 'หลักสูตรสัมฤทธิบัตรการสื่อสารการตลาดดิจิทัล', 'Certificate in Digital Marketing Communication', '', 77),
(78, 'หลักสูตรสัมฤทธิบัตรการออกแบบประสบการณ์ผู้ใช้', 'Certificate in User Experience Design', '', 78),
(79, 'หลักสูตรสัมฤทธิบัตรการผลิตสื่อดิจิทัลขั้นสูง ', 'Certificate in Advanced Digital Media Production', '', 79),
(80, 'หลักสูตรสัมฤทธิบัตรการผลิตสื่อดิจิทัลแบบบูรณาการ ', 'Certificate in Integrated Digital Media Production', '', 80),
(81, 'หลักสูตรสัมฤทธิบัตรการผลิตข่าวออนไลน์', 'Certificate in On-line News Production', '', 81),
(82, 'หลักสูตรสัมฤทธิบัตรการเขียนโปรแกรมเชิงอ็อบเจกต์และโครงสร้างข้อมูล', 'Certificate in Object-Oriented Programming and Data Structures', '', 82),
(83, 'หลักสูตรสัมฤทธิบัตรการออกแบบและพัฒนาเกมคอมพิวเตอร์', 'Certificate in Computer Game Design and Development', '', 83),
(84, 'หลักสูตรการพัฒนาโปรแกรมประยุกต์ด้วยภาษาสคริปต์', 'Certificate in Application Development with Scripting Language', '', 84),
(85, 'หลักสูตรสัมฤทธิบัตรการจัดการสื่อเพื่อพันธกิจทางสังคม', 'Certificate in Media Management for Social Engagement', '', 85),
(86, 'หลักสูตรสัมฤทธิบัตรการผลิตสื่อดิจิทัลที่มีผู้ใช้เป็นศูนย์กลาง', 'Certificate in Human-Centered Digital Media Production', '', 86),
(87, 'หลักสูตรสัมฤทธิบัตรการวิจัยทางนิเทศศาสตร์ดิจิทัล', 'Certificate in Digital Communication Research', '', 87),
(89, 'หลักสูตรสัมฤทธิบัตรความรู้บื้องต้นเกี่ยวกับวิชาชีพนักวิทยาการข้อมูล', 'Certificate in Introduction to Data Science Professionals ', '', 89),
(90, 'หลักสูตรสัมฤทธิบัตรภาษาอังกฤษสําหรับวิชาชีพเทคโนโลยีดิจิทัล', 'Certificate in English for Digital Technology Professionals ', '', 90),
(91, 'หลักสูตรสัมฤทธิบัตรโครงงานเทคโนโลยีดิจิทัล', 'Certificate in Project in Digital Technology ', '', 91),
(92, 'หลักสูตรสัมฤทธิบัตรการออกแบบเทคโนโลยีปฏิสัมพันธ์ที่มีผู้ใช้เป็นศูนย์กลาง', 'Certificate in User Centered Design for Interactive Technologies ', '', 92),
(93, 'หลักสูตรสัมฤทธิบัตรการพัฒนาโปรแกรมประยุกต์ข้ามแพลตฟอร์ม', 'Certificate in Cross-Platform Application Development ', '', 93),
(94, 'หลักสูตรสัมฤทธิบัตรการพัฒนาโปรแกรมประยุกต์แอนดรอยด์', 'Certificate in Android Application Development \r\n', '', 94),
(95, 'หลักสูตรสัมฤทธิบัตรการพัฒนาโปรแกรมประยุกต์ไอโอเอส\r\n', 'Certificate in IOS Application Development ', '', 95),
(96, 'หลักสูตรสัมฤทธิบัตรอินเทอร์เน็ตของสรรพสิ่ง', 'Certificate in Internet of Things', '', 96),
(97, 'หลักสูตรสัมฤทธิบัตรการวิเคราะห์และออกแบบระบบสารสนเทศ', 'Certificate in Information System Analysis and Design ', '', 97),
(98, 'หลักสูตรสัมฤทธิบัตรวิศวกรรมซอฟต์แวร์\r\n', 'Certificate in Software Engineering ', '', 98),
(99, 'หลักสูตรสัมฤทธิบัตรการบริหารฐานข้อมูล', 'Certificate in Database Administration ', '', 99),
(100, 'หลักสูตรสัมฤทธิบัตรการบริหารเครือข่าย', 'Certificate in Network Administration', '', 100),
(101, 'หลักสูตรสัมฤทธิบัตรการบริหารระบบ', 'Certificate in System Administration ', '', 101),
(102, 'หลักสูตรสัมฤทธิบัตรความมั่นคงปลอดภัยทางไซเบอร์', 'Certificate in Cyber Security ', '', 102),
(103, 'หลักสูตรสัมฤทธิบัตรบล็อกเชนและสกุลเงินดิจิทัล', 'Certificate in Blockchain and Cryptocurrency', '', 103),
(104, 'หลักสูตรสัมฤทธิบัตรการปรับเปลี่ยนองค์กรเข้าสู่ความเป็นดิจิทัล', 'Certificate in Digital Transformation ', '', 104),
(105, 'หลักสูตรสัมฤทธิบัตรเทคโนโลยีข้อมูลขนาดใหญ่', 'Certificate in Big Data Technology ', '', 105),
(106, 'หลักสูตรสัมฤทธิบัตรวิศวกรรมข้อมูล', 'Certificate in Data Engineering ', '', 106),
(107, 'หลักสูตรสัมฤทธิบัตรสถิติเพื่อการวิเคราะห์ข้อมูล', 'Certificate in Statistics for Data Analytics ', '', 107),
(108, 'หลักสูตรสัมฤทธิบัตรการค้นพบความรู้จากฐานข้อมูล', 'Certificate in Knowledge Discovery in Database', '', 108),
(109, 'หลักสูตรสัมฤทธิบัตรปัญญาประดิษฐ์สําหรับการวิเคราะห์ข้อมูล\r\n', 'Certificate in Aritificial Intelligence for Data Analytics ', '', 109),
(110, 'หลักสูตรสัมฤทธิบัตรธุรกิจอัจฉริยะและการจินตทัศน์สารสนเทศ', 'Certificate in Business Intelligence and Information Visualization ', '', 110),
(111, 'หลักสูตรสัมฤทธิบัตรธุรกิจเชิงลึกและการวิเคราะห์ข้อมูล', 'Certificate in Business Insights and Data Analytics ', '', 111),
(112, 'หลักสูตรสัมฤทธิบัตรการบริหารจัดการเมทาดาทา', 'Certificate in Metadata Management ', '', 112),
(113, 'หลักฐานสัมฤทธิบัตรคลังข้อมูลดิจิทัลและเทคโนโลยีห้องสมุด', 'Certificate in Digital Repository and Library Technology ', '', 113),
(114, 'หลักสูตรสัมฤทธิบัตรการจัดการความรู้', 'Certificate in Knowledge Management ', '', 114),
(115, 'หลักสูตรสัมฤทธิบัตรการดูแลรักษาข้อมูลดิจิทัล', 'Certificate in Data Curation ', '', 115),
(116, 'หลักสูตรสัมฤทธิบัตรการจัดระบบและการวิเคราะห์สารสนเทศ', 'Certificate in Information Organization and Analysis ', '', 116),
(117, 'หลักสูตรสัมฤทธิบัตรการจัดการบริการสารสนเทศ', 'Certificate in Information Service Management ', '', 117),
(118, 'หลักสูตรสัมฤทธิบัตรการจัดการสารสนเทศสํานักงาน', 'Certificate in Office Information Management', '', 118);

-- --------------------------------------------------------

--
-- Table structure for table `student`
--

CREATE TABLE `student` (
  `id` varchar(13) NOT NULL,
  `std_id` varchar(11) NOT NULL,
  `std_nametitle` varchar(100) NOT NULL,
  `std_firstname` varchar(100) NOT NULL,
  `std_lastname` varchar(100) NOT NULL,
  `std_degree` int(11) NOT NULL,
  `std_password` varchar(100) DEFAULT NULL,
  `std_hashcode` varchar(100) DEFAULT NULL
) ENGINE=InnoDB DEFAULT CHARSET=utf8;

--
-- Dumping data for table `student`
--

INSERT INTO `student` (`id`, `std_id`, `std_nametitle`, `std_firstname`, `std_lastname`, `std_degree`, `std_password`, `std_hashcode`) VALUES
('1100400242955', '035', 'นาย', 'อภิวัสณ์', 'ฉัตรพิมลกุล', 4, '$2y$10$5R1lbiOg2aisqZ6.J9WXf.rL1dzMia2RI99oRsYsPT1n2uMzGq9VK', '$2y$10$PExs9w6CHrBrYs75gr3lxeV2X4y6PjG0894gojkfdqLWsdXR8HMky'),
('1100400247485', 'MS37', 'นาย', 'ศุภกิตติ์', 'ตันเจริญ', 4, '$2y$10$OrpIS5oUg7t2S04jtE8CweU/29slDr17Q2DmM9m73SBDP0I3okoBy', '$2y$10$ciLWS8eYcN8arWFrOH0YpuzDJow81M4TjC6avkV08YCLpHKPsb.HW'),
('1100500031212', 'DIM05', 'นางสาว', 'ปราชญ์นา', 'ทองบัว', 4, '$2y$10$EwqYWcu7c4QQrQZ5xQ46cOV6V3x44m80EnKgD6BDh.pQQIJgd1mBm', '$2y$10$hBNNSkCXLLOzseEDgEj.GurVMqh4pDywDFk3T6inFbnhHLzr.FYPK'),
('1100500143843', 'MS28', 'นาย', 'ศรรัก', 'คล้ายภู่', 4, '$2y$10$mXe3Bo5CobEls5daprsE8.gznhoxBOXBPpsdML7.ABUlUGljHLgdm', '$2y$10$IcPUYwcTmra7dYxDb5ES0e0kPKheUe/414m2rwuivacO0LAP5ntzi'),
('1100501214809', '021', 'นางสาว', 'เพชราพรรณ', 'เชนยะวณิช', 4, '$2y$10$7d6N.2kseH50JTTAEmiPPuXJ0/lxts5DdrQzdiNZ8fjQ4.AtrQJ4e', '$2y$10$nyWoxiOyDqfQbK4VHBL/heYonFwyaTaCysouamNuhSXYqjj8rnOiW'),
('1100700497762', 'MB36', 'นาย', 'สิทธิชัย', 'พิชัยชาญเลิศ', 4, '$2y$10$mz/F6wcjlHogm2GP9UQ9CO9zcuXysHnMA1cVbV/wYy15F2UFicEQu', '$2y$10$SD7fW4gT5bBF2BBiHmY.NurZR5ofpDhFIz/6ToK04Ix90SmL0ugfa'),
('1100701130188', '068', 'นาย', 'ยุทธนา', 'พิมพ์กลาง', 4, '$2y$10$pXooHekQMsM8WG2qwN4QYOWlNDphHwIb4e9uxjvrs8EoDnbV.7cg.', '$2y$10$kleiQvLa/4FZEvKRm0E3Q.yz/WbEvhRnDRGanQscOSrXSLSNEavMm'),
('1100701365711', '023', 'นาย', 'สารสิน', 'แก้วสุขโข', 4, '$2y$10$zy1ylRdkVv7mOv2uMa1ddOUWp0b2OIBrLSOH.NMrbXZSjBUGS41Ve', '$2y$10$NSZvseNTXAYKe31.ReYWaeMymG79892Y9a3BOG39/nqzd/FHw0TUK'),
('1100702188503', '046', 'นาย', 'ศตพรรษ', 'เทียมสำโรง', 4, '$2y$10$aEZeYcC7YokNC0G9Jg/awe4ZgLmTNcrFR5eN7wlmMBwz94pzBWu92', '$2y$10$1UHkvxbeSfDIDOkuZ9UEWuBu3kV.x6BCYHBGonh.cK1k5YldEfZlG'),
('1100800089437', '072', 'นางสาว', 'ภัทราภรณ์', 'สุวรรณโรจน์', 4, '$2y$10$FzLxC22vhSG9ofTciuDZ7eznmZf1cvMBF1AU8mZUsSk55reSWeMc.', '$2y$10$IpGmiz5hAzEaiGBsXcQ7jutUGkPg47oQim5juSPMUE82CbAQ8tO2K'),
('1100800594395', '027', 'นางสาว', 'ปุณยนุช', 'ขำนิล', 4, '$2y$10$R38zWyJnGiWMemVRen5IwesEFun1a.872r7k/eSwTsVEHw2P3hEfK', '$2y$10$.5/tutKY9USBIpzWz9cs/.AFH4L2kLWrLrPbOTpGgtfYPWtUG0sqW'),
('1100800920861', '006', 'นาย', 'ธีรภัทร์', 'ชุนเดชสัมฤทธิ์', 4, '$2y$10$cdKCvbV/b4KKF0i/NoVR0uHKZbfH1IxvNc1X8QXItiH13JHCKYpJy', '$2y$10$BJzkhuKFLBCeTYViF1exUeE8ifUu82cwKwWFgtU9gdF91V0IZVfUa'),
('1100801165421', '039', 'นาย', 'ธนภูมิ', 'พานิชพึ่งรัถ', 4, '$2y$10$qvysSzjAfcu3WAz13b2E5O7xtWjEa5vT54UyX8wnsO6NBAw6UVpeO', '$2y$10$JTc06DhOmk0pL3MEBGqhEOTgJ705I7YxXQP68IiOhkKp6oqs7kmMm'),
('1101200163289', '011', 'นาย', 'บดินทร์', 'กรุณาสุเมตตา', 4, '$2y$10$V7nTpcN/v2GQLTlWaDsaM.adXQxwVBjD6rt1RRFlWlnTHcMbvcCse', '$2y$10$4kmLtkdE/pRDuzhZCh4UluuMHJq8DoUttvpF9.6XI9GFtNTj/idpq'),
('1101400421052', '008', 'นาย', 'กิติศักดิ์', 'ทศแสนสิน', 4, '$2y$10$D7fFLVzEZacS6cyUR/WFvuJ5ml5LEpFS74gYkK6H7VrXuhqlIb3MC', '$2y$10$XVoMTXiMhIzJY.V505zuXOKmCnsNqgeY6ysVsye2fdi8JcRUZZ6BS'),
('1101401833222', 'MS34', 'นาย', 'สุทัศน์พันธุ์', 'วินทุพราหมณกุล', 4, '$2y$10$lndJcFPa7T4gzGU6cGjwQ.qghNPRLlOIPOVwDLdjZqPP0X0um0m1W', '$2y$10$Yk.McKJwhi2hcdRp15i7OuUQ9qvs.xIyMTZFlK/ebIhE2/OJnHncC'),
('1101401950113', '014', 'นาย', 'ชานน', 'เอื้อพัฒนะอำรุง', 4, '$2y$10$RzOatAjtFTATKYkW1WvSueD5rFYX2Epnybtb4ur68MgYl/7dUA0DS', '$2y$10$B.4L8LUZjrmqCzzvZ7RWeeDhd4RIPGB7MIvJbfujVAspD0jmeJPhu'),
('1101402104291', '022', 'นาย', 'กวิน', 'อัศวะอำนวย', 4, '$2y$10$JoszINe2HAWV5VKUXKxOn.37i2GEqUGuw3Swwt2K17eSZ0kXDVpp6', '$2y$10$LD41jWAdn1l7rKt/8QySY.t/mo7iDLQ/Ue5Tr4y5cpP9OyA89Dnf.'),
('1101500877694', '003', 'นาย', 'รชตะ', 'บุญรินทร์', 4, '$2y$10$PmVU66nusdxFLmdvrUDfM.YKaid3.uapfDCo4MFejPHfG7AXQnVFK', '$2y$10$LIWne9RbYChYy.dCuwgO5eLuax0IQbLuWgrVP/M56kT8L4r/JxnkS'),
('1101500900351', 'VD07', 'นางสาว', 'ปรียากมล', 'แก้วบัณฑิต', 4, '$2y$10$pyNsXV0TdcFLI2C7o6cppeUmOKuTlHO6iw8NfeBWhPcHNLe5GRfvy', '$2y$10$HIKmWZKu6pF3XB8OdPUBL.ggY22pXlON7Zemp0LsJN6Skz931BP9u'),
('1101700053377', 'MS38', 'นาย', 'ธนกร', 'สถิตวิทยากุล', 4, '$2y$10$4D4n0HmrJSroF4EhF.6eWueG8HZApKUwM26pUMQO8oRdZzcFOp8ua', '$2y$10$hjusyGlcjg.Dm3ct9oeN9ekz6fMpX57pl4yQJ5cUzPZvymQ/ABDV6'),
('1102000885451', '001', 'นาย', 'วิภู', 'นพคุณทอง', 4, '$2y$10$moQ.8dUQo.HRqY.VemJQru0eOJFpNlFc14p.aDxp0KrzaHAK.lMLy', '$2y$10$TV9rfdFafckJI.BEoo/v9.QF3JVna3tDhd51Z56DLPjnZs5PHpvFO'),
('1102002865865', 'MB03', 'นาย', 'อัศนันท์', 'อภิสิทธิ์วรโชติ', 4, '$2y$10$kfmL8NoYqVzJv5wE.HoP..iManeFSlpYpxFVYPx/v7qujZNho6Wca', '$2y$10$gJhdJEnQT5/D4piRm/ylNu9EPZPajfyJ8obYyXKxmSAU5W2O1owla'),
('1102002873621', 'DIM10', 'นางสาว', 'วีณา', 'นาคศิริ', 4, '$2y$10$8uejjc3TPKeqdesFiONj6.0aedTtVDFIDR3W8N6O6fyQ921wdWCue', '$2y$10$SZE/V88YlH1uc93RNw5iJeej8Wwx3sZUc62asMmKEe50byv76I/x2'),
('1103300019394', '002', 'นาย', 'ชยานันท์', 'อนันตวัชกร', 4, '$2y$10$1V0HtkmkqbS5zVbuWDsQ5e1qSHg2l2LyZYTRQY6keJJyHC5vyEQv2', '$2y$10$NxHJU01PtJsdAQOl6pyzhuu3Zrfz9miWMNKWfUZDHvT64NbBIm7Na'),
('1103700102019', '026', 'นาย', 'นรเศรษฐ์', 'นรเดชานนท์', 4, '$2y$10$M/9JAupKx9mEsabAnLTV0.nqqkhuh9H00vkj5DZIfoMUFN5vILCMy', '$2y$10$Qvx2ffpJliWUo5oHfMVgPOluLHNFG1ZSLORTbXT9RAVmUBi5Tn6BO'),
('1103701199024', '005', 'นาย', 'คณิศร', 'หงษ์ทอง', 4, '$2y$10$PVbFqlvlikmNR5ni0qfG.OXuTnBXae3/daSkfeNlz.PHBLfF7CpqO', '$2y$10$IXv.M3va6j6TyvIv5TgeBeteYGHfxtTBLGov1kbIn2rN3bINF4QEi'),
('1103701475439', 'MS33', 'นาย', 'พีรพล', 'ธรรมนุสสรณ์', 4, '$2y$10$l1P0NpTvhUVVD2nnuDA6S.WU2uAba1GcPnY6kyfMtZIChiKAQV6Wu', '$2y$10$OrZYuuGFZrui2aecOKqbSeV2THQeidK0VdxYB3eKCrhtnbzTwbLCS'),
('1104300049219', 'DIM15', 'นางสาว', 'ปภาวดี', 'รุ่งแจ้ง', 4, '$2y$10$sbludrMf6M8f92y0Mj6ENuRWlveTzUSwyvxjwWqLJMhP5GTpLFsZi', '$2y$10$jPRdA3DGZuDPsBx.LWTlPeTD6.HFkKSf7IK/tLB8TlbMH63rXY0TW'),
('1111111111111', '111', 'นาย', 'วราทิตย์', 'อุทัยศรี', 4, '$2y$10$BBO9UwjHOJQsKAjY1RXzFOswdsvNITZ0/DBepFHI3LhqwWHxgX.na', 'xxx'),
('1130200151140', 'VD05', 'นางสาว', 'สาลินี', 'ผิวเพ็ง', 4, '$2y$10$vDb2BqQZBygp0v0t0wPIke/30kb2nGHL76RoxtkZUJka6WOhnMxN.', '$2y$10$Da5TcNO/npgelAqrk0GbsO0rTwNo0gSnht4bt5OZEz6iHy4KaKMUe'),
('1149900473130', 'MB09', 'นางสาว', 'กนกกร', 'ชมภูหอม', 4, '$2y$10$GIJQizd71qInwk5PmGJM9uPL1xMtzY9sA7PKoesGrLoT2xJ/xaSGa', '$2y$10$gUv.NJTzd72anr7226taW.w6ozQSvVGpbUEIaLEZ4j6qNQSrQ.IlG'),
('1180200082334', 'DIM14', 'นางสาว', 'อัจฉรา', 'สนยุศิล', 4, '$2y$10$ZMIuZYZNi1cJugp7QgOd5efPLDZqj7MgdA4biQ91wb1S2VqbezFXq', '$2y$10$EEtuo25G2XupDlxoeRjDIObHMRW/w8FVeiVKBi3sa3RNuxrySJd8G'),
('1199600202840', 'MB14', 'นางสาว', 'ธวัลรัตน์', 'แก้วนิล', 4, '$2y$10$To8m.HM4URdl9g16lIbxT.4AwAQr1PmzV8L8lBzugI7bikAuV6LRK', '$2y$10$Z/oWvjl1wnVOIzqIHHCa4.YnbvaLghS.2sNtPKGJ52fJQw9AurjJC'),
('1199900647791', 'MB06', 'นาย', 'ธนกร', 'สุจริต', 4, '$2y$10$O5awDd.somSu7MRZLQstEedP6IR0k8GuAtxu8mxQnvSGKsriCc2z6', '$2y$10$2hAxA3FNeEletCaoNN9Wu.HnKcnMOBkjXy4jPKnpUXl02UQLfBJPi'),
('1200100019869', '007', 'นางสาว', 'วริยาภรณ์', 'นันทสวัสดิ์', 4, '$2y$10$cxdThS2P1wVQWSlUZgXJtOHEbTJCV36oxBpq2xXd9QSQ4yUBE3Igy', '$2y$10$57WGQfGjl1Emt3TvxEUoIuEK.4Vs6q0yV0IOmBcOZTI1gF9.xMgAu'),
('1200900082719', 'MS05', 'นางสาว', 'รินทร์ลภัส', 'ภูษณสุระภันต์', 4, '$2y$10$4Xa4HY5zauOYPlOhsZ9gluKjkfLljqD0xTifCE794w2qNCPWe6Wae', '$2y$10$JVIeQPbQrxK1EjkUrA8TqujqkI5z/TzJzlwrvdM9vhb0.oubKDWHW'),
('1209700045222', '017', 'นางสาว', 'ศิรินุช', 'คงสมบัติ', 4, '$2y$10$H7kJcPRdnElqqm5dyzIxquvSrLe/Nlc48BkuiRPjXMJrGzFQKM.0S', '$2y$10$tB1FFyi.Vj5w6nhG4qEb6.9sMG5HEQ8acqfHRV8Z5AOmxpQTNUGDS'),
('1209700739356', 'MB17', 'นาย', 'สิทธิกร', 'พิศเพ็ง', 4, '$2y$10$bIlhYyg7JZa43I6/kkJM1eDQVJVFKteDlxBAxGNWl2x4OoqK4Z4bS', '$2y$10$UsVH5zHC1Y0JJ1UvbW0Y6eUE2/Q/UedxD/.cmH2oB3b8bVeXpNkS2'),
('1209701803660', 'MB05', 'นาย', 'ศุภณัฐ', 'ตรีรัตนนุกูล', 4, '$2y$10$LdNpC155TATtCh9t3Gz8Cu8nh5b0VopjMnCay4Fha5/clPwPzEPX6', '$2y$10$a1SrZMrWHHEZ6PjXgs4IaOE0ZvWsGsuHyx/1EH.2tFMPBrG8zeVfW'),
('1234', '333', 'นางสาว', 'จิดาภา', 'ลาจันทึก', 4, '$2y$10$gKUPTYKHPnP5kZs3X0KkmulztYWkdI75ccH..M2X46BqyU0UBrLta', '$2y$10$kllC6cRLeRl0fcSTBJ95DuO/U72KeUOY8/yLNMRWYoQKnYz61kjo2'),
('1250100364868', 'MB27', 'นางสาว', 'ฐิรกานดา', 'ปัญทะภูรีเวท', 4, '$2y$10$CaVrDMViiirZSuqJ9resW.xgC88bwI5yRdOBEjM8K.4aZwkQoeV12', '$2y$10$Ezgi.7rdc4C0RAxUiQlX9et2ZWaIZa6jr8OFJS96KyTZxtt5OjV5q'),
('1300101172481', 'IOT26', 'นาย', 'นิทิวัฒน์', 'อินทรสมใจ', 4, '$2y$10$DwJDv91W2AF2AFCs8DGuy.UkCNZhcfF5AmGfWtTtXqz73.Av6XLje', '$2y$10$vO6QhpE9n9qDu4BK0GYRWupkgI/KNBS74Hf3uE1w5cxo.VHYiw3/G'),
('1300101178064', 'MB02', 'นางสาว', 'วิไลลักษณ์', 'บัวแย้ม', 4, '$2y$10$qHtvt0JLAze44cK.2.DsTORhnplpHts.h.903x8iWp.202RQybj6C', '$2y$10$PQPoW3SOGHe1Hpt37c//JeDc3IEkAfEEyLeYkDgSWrQnt7UlvW0Ia'),
('1300300008355', '041', 'นางสาว', 'กิรณา', 'แก่นพะเนาว์', 4, '$2y$10$eed7RnRixL9ZnPjbkKH2ouniF6sujo6.t4zhya13Vtb4ZCtssjUou', '$2y$10$hHtOCzYuPRHrd12Y./FfGuQRbi4sIDA89t//uzO7lJQlKcSxeCOzC'),
('1300300119807', '064', 'นางสาว', 'จริยาพร', 'จันทร์จิตร', 4, '$2y$10$bGBi8HpNKW1LeSAPnU/5r.2KtN8DsBzc/C6mUGuKRB6w0w3A7oDaK', '$2y$10$9ZVEHxhMgYZuyvMIdxQC2uuwnIRG8Q1SCIxV67N1DIBdbYKZd2c/.'),
('1300600009446', 'VD17', 'นาย', 'อัครพล', 'ด่านทองหลาง', 4, '$2y$10$RjdDbkX2Wagqx/EjWX8Qu.B9QkVKleyPkyu2resJu1madjfNBlHk6', '$2y$10$jthB1gcQ1L0KYULOMXSDAO8g.N.fxH.INo91W4NnvAuik6Hs3KI/W'),
('1300900127851', '057', 'นางสาว', 'เจษฎา', 'ริดสันเทียะ', 4, '$2y$10$tHROV.1xvWCWCtoOHVDGre92jqzy0XQmp803fFr0Pou3KvOr.jFBa', '$2y$10$CFUWwIzehyz1v34cv3gtluGsnoJYDVHSn8KYb2wSGsOICRGZX9Sem'),
('1301700154562', '051', 'นางสาว', 'ปณิชา', 'กลางพิมาย', 4, '$2y$10$51j9rPrkc3WxMbnH3sZ1n..0Zt2kjFhkEXr/YL8swiZH/kNU/XPqi', '$2y$10$2McPq4eNCT0GIx.Fgp.Yk.0GK2wWMiLxXEZLrLktwrAW59kOunAum'),
('1302000002124', 'VD21', 'นาย', 'วีระพันธ์', 'มาจันทึก', 4, '$2y$10$5mD.a4O2bSRtNx9XGgYHSedyv3mELFQ6a7CjS9ZZZn23mLYtikNAq', '$2y$10$w28kQuXfC.l80dVzVQNxP.h7u9ZTSXUR2JfIfXqYEkT5ILS4qriiq'),
('1309800104467', 'VD20', 'นาย', 'ณัฐพล', 'คงเพ็ชร', 4, '$2y$10$1aKRD1EeWvM7C8.8XUbQNein4PdYuJi1OLak/cspFNIMLrGpjn8B2', '$2y$10$oKz16lnDSSLfB0WtQ37T6.y0lxcLPFkK1BWAfu/W2fEilvK9Mm8Ue'),
('1309800282128', '052', 'นาย', 'ณัฐพงษ์', 'พรหมพินิจ', 4, '$2y$10$TF1vw8Nvz7ZQKSgKg.3WZOUdmXfOHHNSEkioJtJWY9xIrcZMkula.', '$2y$10$Owja8kBUDiS6E5jdq.tPAeGiqaumEkFzF3r/Tt3V1jB6fulNGRWz6'),
('1309801311199', 'MB07', 'นาย', 'เกริกพล', 'กลัดภิบาล', 4, '$2y$10$DeYZgzoQSsEAqPpKJjDR/.XHruttx.X.1Q0NWf2G8sIYg78.qFmfe', '$2y$10$ntEi0hIez/ZgciXZeICBp.hJDikXxajqGL0zu7xLaIDHAC/xE/Q3u'),
('1309900155471', '063', 'นางสาว', 'สุชลธี', 'ฤทธิ์ไธสง', 4, '$2y$10$fc0aGz3MbOGjtnEdmxAtCOAvzwGqjprLt0F5L07L8OMIeUR8JAR.C', '$2y$10$q3HPx.DRwZu1o5uPZqfef.Th0XbGVWJ.mGM.KMGSnl4z4KJrmJs6a'),
('1309900159221', '013', 'นาย', 'เอกภูมิ', 'ภูมิพันธุ์', 4, '$2y$10$sVoq7hWocSuC752IQhSTk.27lh8hgVhBfPHcVBCv86CriwZq44hx2', '$2y$10$jmAp6Y9oN5zuqLjrypfRu.rZZWTjcbhxIlKGqmlrD3nJDJHMrRGay'),
('1309900240079', 'MB29', 'นางสาว', 'จงจินต์', 'อาจวิชัย', 4, '$2y$10$tmFzgCcntiTH8RWorP8IsewAtDLc0C9XeRgmdooobIYfkpbYgoCT.', '$2y$10$xi8EpXfMIUjWXQu4K3mgAuiF.y1VyoKUpBGE.tbrjC1bgqFt2dbfe'),
('1309900254126', 'VD03', 'นาย', 'นิวัฒน์', 'ทิพย์วิโรจน์', 4, '$2y$10$cVDCy60upk69HXfSYTghcuqv1iZyIhGeSffT1CtDq1w0iCR7oCJOO', '$2y$10$G1W3gnMjUz4G2I1KIEVkg.tYykqzRNNYA3Z9pI4Is.t4V28QJVosq'),
('1309900336220', 'VD06', 'นาย', 'ณพทัย', 'เพชรอำนวย', 4, '$2y$10$8S83t9tqjPHCWK0m8yGWlu2u/3b7c2VHxnamF4fJqWGZCgsiHPuJW', '$2y$10$uUIVD3CGOpiYVeoSw.iAiuhGAwY8r07sXQvkBOFmvj5WYKtgKldoS'),
('1309900352110', '060', 'นาย', 'สุขเกษม', 'จันทรแสน', 4, '$2y$10$vZ1IrKvMYAN1R4CQEX8FleyqQfixhDDEcR7SfkjsJwsSYmIMQ1yWm', '$2y$10$192BUsnc09KazEWt6IzIDuJHZgPl3c3AWCKh414XSF0iy85ECPUXO'),
('1309900357898', 'VD19', 'นางสาว', 'ศิริรัตน์', 'หอมสุวรรณ', 4, '$2y$10$KIeL0zCKixGN.jlxtMu4i.PNjOotT5.I5n5nTm.9wyrQrLghtj.0G', '$2y$10$YNfpSdGtLtF9.4vZXpWoB.6CqHzS3mRzoLmZkj1k1M1AT/a7QhJ4S'),
('1309900388963', 'IOT12', 'นางสาว', 'ศศิวิมล', 'กอบัว', 4, '$2y$10$DZL07kQFs0nnQA8bGe5cVeS5OUbVYQO5EUj.B5N9puF4dRYPrBPh2', '$2y$10$Ej.7zhxWOfzv3HvMAvVJTeXiSCPa1vH0MdK4mGdnPIUYV5ZNriJ3K'),
('1309900690562', 'DIM02', 'นาย', 'ภัทร', 'แสนยามาศ', 4, '$2y$10$JToTAUp8MlueEsigQX4p5.YgbTOtlW7BpoFUjq6b/H1Jt9lEK2tKq', '$2y$10$39U86rzPR44pxeJaBCV.8ulKtRmZ1csB6BDDF3hMpKt.1VYmmI7nK'),
('1309900719773', '069', 'นาย', 'ธนกร', 'นันทสินธุ์', 4, '$2y$10$ZtlQJ8lejjoRUKm3pyx6Hub9i4WFXyZrRA9ChQtVgtYQypJ04kk4i', '$2y$10$CPt11r7fjXaGyBjwL/0KheJ8Ei5KEZU1smnxKb2oSSKHWuybNP3h6'),
('1309900761443', '045', 'นางสาว', 'ทิพย์สุดา', 'สิริวุฒิเมธา', 4, '$2y$10$C7BhfHi7FDiSiQrkYZ19EuUM3e6Wgg7b0AwQLYIJJBXkkDYAtMtIu', '$2y$10$9nvnuqH89oNYgRPn8ltcYu8pUPzKmjn2lzjGWh4E0BjepKLkLRxJ2'),
('1309900790397', 'IOT29', 'นาย', 'ต่อตระกูล', 'ทรัพย์สิน', 4, '$2y$10$RSCLGmptOqj3oEcSIES6Au0ZIHJBBFaagHjWnHgEzBTtxTBdNA2Kq', '$2y$10$yCX7N3wulCgcphlS4lumduChUAjHqTTE.YPSTx/iCHMJ2QhOWyfVi'),
('1309900875821', 'DIM04', 'นางสาว', 'ไพลิน', 'สารบรรณ', 4, '$2y$10$gsYFJIJDwmEg9LrSu/sO.OZDLzu3gaZODYx/EKIWuoc291aXoWqFG', '$2y$10$B2bzd3NmvoDmLJfhV4N5VeZnI.wu7FMKNu2Evla2cPwo6bj9JQNxm'),
('1309900982091', 'IOT10', 'นาย', 'พีรวุฒิ', ' รัตนวิชัย', 4, '$2y$10$NgRGBolKP1Fvxapa0pPCDODj4Nm.iMOxbpC9o9HAoS45nXFkswQYi', '$2y$10$9NVjfD0cmRICsFsPnMYsXuUqntD3.XhHHYL/8hV85wrajVdYW4/kO'),
('1309901181386', 'MB32', 'นาย', 'กิตตินันท์', 'หรุ่นสูงเนิน', 4, '$2y$10$HcmOHjyyGGoX6txm8fN2GOIY78Y.RGyUze7XHR7OioHq0JeRmgzRG', '$2y$10$Uc4IzgOutiq3cubggQ2H0ufmX2U0qyPSnpTeNELqcOr3nGgE5zIGm'),
('1309901205757', 'DIM11', 'นาย', 'พีรยุทธ', 'กษิติบดินทร์ชัย', 4, '$2y$10$RfDu/7yQsw3YI2us6qDeoOUg.vI5bN4WR5JIOQRColNpWTaadkV..', '$2y$10$jf/UA6RDtg/vSxlaI8ZVI.cj3i.biXbPaCf7wF9WT4TLzTdt8286m'),
('1309901210351', '042', 'นาย', 'สิรวิชญ์', 'พงศ์สุวรรณ', 4, '$2y$10$69pDSmbLxKYbPwQTDtASpuhedWHRriNpNye.EZ0VmrE.mNbUg9wWi', '$2y$10$HIU76St.NgydTeaqpuQCL.B/7JEQHHGr.6jdLi6a5qBOiUTQ/yC3S'),
('1309901302922', 'IOT27', 'นาย', 'สถิต', 'ฉิมพลี', 4, '$2y$10$j1de.ww6BiBVM1WjLdg7LuBU7Cs6pmf/5BE2ZGM6pXf3AF.G9yHeK', '$2y$10$cDNU5Yk96WRecOeHjyHYqeLHFVwn1TXqzd3Xm.JSb4MIiuA.gTmo2'),
('1309901333542', 'MB15', 'นางสาว', 'สุธาสินี', 'อินทร์ศรี', 4, '$2y$10$kNtjDF4zjpabPdp9m0m7pemSME5bN/C/D7rjHiTgDy2qIC2NDCqVq', '$2y$10$CR5nXFi6lc9NcYc300bQSevgK9xjkImctpyimq6weN6vrH5MlHAdy'),
('1309901349627', '040', 'นาย', 'เมธัส', 'ลึกอะหร่ำ', 4, '$2y$10$X85AEwR8OXTQaVQCLqM3yeo53JZpgYWGCIE9s.Ry8ye.03NgwwVRq', '$2y$10$klyDDY9GuEbxA9tKQeBDoejhGndK5vQuy6c2exIYY2jOL1myVNbSW'),
('1309901351010', 'VD12', 'นาย', 'ธิบดี', 'วงศ์สมิตกุล', 4, '$2y$10$qPNFQ5mEqMnpmjRRARGK9OmH/iQpHhofPiqoM7z7eF8s4G0tZF9hq', '$2y$10$jGeKKJU6XVkyPoIIPl7ah.ThE33thz1z5YaLcRbbTnfttH2t2AvcK'),
('1309901351176', 'DIM12', 'นาย', 'รัชชานนท์', 'โขศิริเศรษฐ์', 4, '$2y$10$6SjFQOsTNSjHSWZVoVArtODLNaBAWDks02PwE0SmszPplvFrFvt7q', '$2y$10$I4HCHw0En.pHJnguffofAuwi5UqePOlhMTCxExs684a2phfjmrcb.'),
('1309901360361', 'VD08', 'นางสาว', 'ชลินทรา', 'เพ็ชรนอก', 4, '$2y$10$ISG3ouGOcc43bdY/3FKrfekc4KjEKfURN.GbyRqnPAHXm58WtYDaG', '$2y$10$mQJ5m7W8YKalsWm8xXfliua4xOFSXuUVjnAn0ntLpkDZwsxskiNne'),
('1309901370472', '058', 'นางสาว', 'ณัฐสิรี', 'เรืองพัฒนา', 4, '$2y$10$NTUme1WyAsZ86JOPhvLu4eY24kQfdxn1jXMcI6dJiNv72iFdIJqw2', '$2y$10$XWM025mdfRm/mpiNOpekW.lhWyuIV11b1qlcZ1H7Jo0/9QpyqNNwu'),
('1309901383736', 'MB22', 'นางสาว', 'ปิยธิดา', 'กลอยพรมราช', 4, '$2y$10$RhbES/04yZHw1.ZVI.soc.iPuDRyQaP7wsdWlZMjzswvDaeGnl8KW', '$2y$10$kB1Jkfjy2HHxmC3qbU7lrefYO0V63NW.WHoWQuzr3p3MQv/2ffhB.'),
('1309902455315', 'MB01', 'นางสาว', 'วารี', 'พลายงาม', 4, '$2y$10$Ut1eF2YKr.s3sxruPbiaheQYwIHLdfRNOLJ2xt6pXQP3CQYfxAK9m', '$2y$10$vPVLiwgGU4t4l5ESYWpERObU/cwDbOiAjYrU1PjcKF2HqGko5PSXK'),
('1309902484404', 'VD13', 'นาย', 'ชัยวัฒน์', 'คงสุขวิวัฒน์', 4, '$2y$10$oFWeFLOR5QxHuN.Mt2bWLuEPsXmGHuTxzCw.m4TAdD2so1wDUbKCS', '$2y$10$IiAtqGqbeWE15I0GjWi1GON9dgbCSSMEstaLxS153TGMAyASuHw4i'),
('1309902504600', 'MB25', 'นางสาว', 'เจนจิรา', 'บุตรสูงเนิน', 4, '$2y$10$ZYfEMJxmPeUpO/bNADEmo.fw3./noJ1KLmUHFjVDVZM72EwWdVIZ6', '$2y$10$hEJTJxORhmRikp9LisIphOCy1xQr5CSNe/61nZLbNqKCiNDririei'),
('1309902506904', 'MB18', 'นางสาว', 'สุนันทา', 'วรรณแสงขำ', 4, '$2y$10$/FbDdwPan1.Nmk422Ebhg.3L4hiHLY./5ccCY.HWeriKvjLvgux1O', '$2y$10$x8TnFL.tnMhb3g5ya4XzJeOhHEhgXQ0mbEMN./4zFx3YvMLMdVvD.'),
('1309902516276', 'MB12', 'นางสาว', 'พินันฐา', 'สิงห์วงศ์วัฒนะ', 4, '$2y$10$byDo/hLkWZBqzNpj/2l.7eFF4H7xsIxYF8ZUowB5stuLBcsBUyZma', '$2y$10$uYjkmci8zD3tWmzn3WMCyOnacfEp2TRbs27fh3.XGNRui3cKYRxFK'),
('1309902521911', 'MB10', 'นาย', 'มารุต', 'ปลั่งกลาง', 4, '$2y$10$CDCI3.OOSJsXFxHy7SDLCuqAvuDa0QBw0MPQuyb48rtU7YhafAXhW', '$2y$10$KfoBubbe4hQ76YDpriwyVui9T1eaBo7KBq.KdLDlWF5kgwbKMbuGy'),
('1310300095380', '044', 'นาย', 'ณัฏฐวัจน์', 'แก่นอินทร์', 4, '$2y$10$tBnnQICqTyc2I5xWnIzqJ.mOoGtzYzrOtcxOha3hq0oo3vunliYSG', '$2y$10$PqWgQ4tLfLG2pW6bnJK8duDgVWlaBmEsImwK9AlCLQYvnFdoOrdLe'),
('1310600113979', 'IOT11', 'นาย', 'ภัทร', 'ยังวารี', 4, '$2y$10$ONk7NlIVDo2txRHWWVqxje2L2cjj8mQqTD4ZEugCQ5kGGoT4uzFSy', '$2y$10$N1d7LUjPBlxnsU4FhHl8huXR3OO10spENRKkHmd6V9rhqBRduTFoq'),
('1310600245689', '053', 'นางสาว', 'พิลาวัลย์', 'ประสงค์ทรัพย์', 4, '$2y$10$n2q3rx/6l1Bxx0DVwghHbunqkoBcRY1AG0.78tP2kFq/dGixsMLPy', '$2y$10$E/ovHLKk6eaG4II78uWpEO9F3LWu8BPzCCUAMfNUfFXLytrWQhc6a'),
('1311000240822', 'VD16', 'นางสาว', 'อรอารุณ', 'พิมมา', 4, '$2y$10$KnOJej4Ib2FcI1oqpEohHuBjbuBcA/JtERC4VHLLG9HYawFkiWOhW', '$2y$10$oj2vB78cYJhMnVZUqPOUr.PKGFywX1JKfuSo81Q68YPOn2wK9N9.q'),
('1319900425168', '034', 'นาย', 'ธนากร', 'ปุรารัมย์', 4, '$2y$10$aHbr1jbTI3iPZKqq.PT.F.gh61nRO51KcgKCbfdNDlPEhDWi8KXN.', '$2y$10$ePSfjJeuosdFIg0V2Fw1weuF9XUUlNz0pcWvfhbW4VuOaiNVD8amG'),
('1321300052487', 'IOT05', 'นาย', 'กิตติพงศ์', 'ชมบุญ', 4, '$2y$10$EaC/idIW9p8WMkmaV11eG.zaw6N7rGash23rXX//KtZT/MOJBVSne', '$2y$10$/fjtgtIdHyQrFhg.q/SfZ.d6RvyIlhjdN0U35ES8WErkZQ63HfmxK'),
('1330400520082', 'MB16', 'นางสาว', 'พิชญาภรณ์', 'กระสินธุ์หอม', 4, '$2y$10$sjYfL56gYqEs.TgV5w8q9OP8Grz5CoKI/iTZVwj8BmoaSwvu.pnZ6', '$2y$10$F3vOrGKZEHjkE2Kg85PXPerAVwPd3sKX1BrfdrQO0loZVxL3Vhwwq'),
('1330400534075', 'MB26', 'นางสาว', 'หัทยา', 'อินทร์สุข', 4, '$2y$10$lvKIIRWWXmjIbh2KIqSXbuU6JBuz9tX.VKI4qm.qze5BZO2ipO5T.', '$2y$10$CUavnuqCG/F6dz4M.el52OnF1T43qdMQ7tPIY9Aei1pswYzWx6xS.'),
('1331300012175', '066', 'นาย', 'กันตภณ', 'แก้วสง่า', 4, '$2y$10$8IDa181IIDnRFFNZUb6lvuNFGNyFoC8B0BoV81f4de5yhFf9rdIzC', '$2y$10$VFHSFCdjX68pMfNhStofG.dQhFEC6wmpScv12RBtV52N9x7FZf3QC'),
('1340700065623', 'MB20', 'นาย', 'สุรจิต', 'ภูมิคง', 4, '$2y$10$elEbSnCgzETQj3hegVxnleKLtcV30Rdu7BrdZDOdO1UY3U7dbtwtq', '$2y$10$JrTnM3q8kd5zNuvWZBttR.c4FqIXzvXH7ASPYk8TayCl41z/rdy4.'),
('1341100294622', '059', 'นาย', 'อภิสิทธิ์', 'กออ่อน', 4, '$2y$10$AIw4Bi5YycWoTfsAikyQeuuFrjUql5RN16lrgFFCG28MMtzcSZECq', '$2y$10$Wfll0wfQzwvoGAsKWLE.c.TlGFGA7/KEaJKbVnfIIebC5wzzz4bwS'),
('1349900025224', 'IOT01', 'นาย', 'อัตถ์', 'ศรีเนตร', 4, '$2y$10$kHn9NqlRXJWiQCepRoWS0u7KWJbaSGefFmMg3jETsxH5T9sy1WLYC', '$2y$10$5Fmx8qGbt/HMFC/RytkoIO4N8rB/Hq3H0yxwgfbr7W0G7Y3V0LXvW'),
('1349900068535', '055', 'นาย', 'ศิววิชญ์', 'จั้นอรัญ', 4, '$2y$10$gLqp2GMj1EJHtYcn6O1aCOup.kAwHm2h9j4FsApe8lh6QBOrkz6vC', '$2y$10$gs2phpL21jOqiFJL0g68hOcNbk4mbAPIicI2xZ9vlz7FZ7ABUfXjm'),
('1350100118254', '071', 'นางสาว', 'นาถหทัย', 'ไชยมี', 4, '$2y$10$AP7yvjuSEZ2gaEODMMvFgeTpi6owDlrcb.A9xeWtCAeuZ3M0yT.HG', '$2y$10$aW3zqQPo/xo3NwyjEs96d.8ke2RfHlLdwsOeFbdk6A6U7O0Ht2PAO'),
('1360600115807', 'VD01', 'นางสาว', 'กมลวรรณ', 'รัชตเวชกุล', 4, '$2y$10$0iuP2DcFVhoOJVhgfiyVtuSqpcuYY8BJifdoVaEbg0bJSjIMrOQMy', '$2y$10$nUgGiQ5xusENtwGJoG/rDeRokIrge5qjTBXzTkgMAZCcqzMBVUDjC'),
('1360600200634', 'MB08', 'นาย', 'ธนพล', 'ทองแม้น', 4, '$2y$10$7Zzu3d.jy24hwiOlEV8tq./UtaW1J95rJ/M/adJkXokkcuURf/DQm', '$2y$10$gEnoeJ5xiJZ/mLvWlym64eJne5YshyzJ73BsDN7lblTDgtD5dsjEu'),
('1360900011802', '015', 'นางสาว', 'พิมพ์นารา', 'พีรวรานันท์', 4, '$2y$10$lnfWAzCu3FKMPpp5e7.I8O1Xa.KxAhBWcZtJHBEFFiw7jZ1doyUnS', '$2y$10$XuxH0K66FBvSeTuG1HRrJuVK1yWnEZLu5qsDkreY09Aup.ncZ.bi.'),
('1369900288217', 'IOT24', 'นาย', 'ณัฐภัทร', 'ปานสุด', 4, '$2y$10$RFQTinaQVzoJ/3PO0P8jEu55CU9UrRqx5vy9jns.dYuHKh5IheukC', '$2y$10$B2IkT6G15Y5qjEJ74QtpRugEXigKV4Ytj4CdbsG/SFwmNFVkGY0vq'),
('1409900770735', 'IOT03', 'นาย', 'ขจรเดช', 'ลาบุตร', 4, '$2y$10$dS7e4e4ntpRzCPQr8C.7OumA7wdE.sX9qUsXY4sUlOmeHI.v6MCke', '$2y$10$CTtIvIKurL2GN.4vizbVzu3S2UakRxKvAmjbZp0CfbTodJx2YuAQq'),
('1409901384383', 'VD14', 'นาย', 'หฤษฎ์', 'แสงพระจันทร์', 4, '$2y$10$O00s7Qj.AMD5sMPrwdSCG.Z.4RyuoQgZRyZWll1WYsqI27F4MmcC2', '$2y$10$aVxeCNtGSoCtFjTEOLsOKebGA5uLBPKWatHaVncjDtRozgoPrFHYy'),
('1409901641572', 'MB13', 'นางสาว', 'ภัทรินทร', 'ศรีนาง', 4, '$2y$10$lUk5EchSuzXcQkrCcE8myeu41dajILoo2KN8Qkdxn2SKJfp29hfKy', '$2y$10$rmkr5xe6jmOxL5Am90G2vuSHJKQjh/pIWzg9Xb1m3ANjipgJE/54i'),
('1419900650047', 'MB11', 'นางสาว', 'วิมลศิริ', 'ไวยเวทย์', 4, '$2y$10$8iS9OLstULNhusK7J6PQu.aJfbugHhvcpTS8YRaSmcDVc8OBM2XOy', '$2y$10$FAA6fstS2ObsDSbu9FSHPOoP8iYvgxnSgyXYLVp5jwdQM10NvMYui'),
('1439900104522', 'IOT23', 'นาย', 'คมสัน', 'แสงอรุณ', 4, '$2y$10$B4Jf66RpKEw3Fmoa/i3uFuXDiGMXhtAY7GPPackB44vAyc9b16d2y', '$2y$10$iYyOVdAnZRaWBKdyYz9/I.xjokFsFVUp0rQHxYgsCNzTbRBTYWqem'),
('1449900435570', '061', 'นางสาว', 'ปรารถนา', 'มาพร', 4, '$2y$10$OdN0yXL8o7X5j6GnRueJoebSDIne0wo2oY22PTiYfuR8/tBAUF0Y.', '$2y$10$b1UQWF90iokTCu9RC//WJeX7KSTT8PWycMBuS02XtiD5YJUdNoutO'),
('1450100133881', 'MB04', 'นางสาว', 'ศิรินุช', 'อนุไพร', 4, '$2y$10$U76j1S6BI5ajo6JsFDFjf.K0loSc2usWHNUvfGxVGOz1Ezf1Kl6Ra', '$2y$10$6DzRFWROLa.sLNfMC6glO.RFrgYySCJEjgPF.OTp92qNmbKvglaqu'),
('1451490000652', '037', 'นาย', 'เรืองทัย', 'จันสามารถ', 4, '$2y$10$TGAyvpzboH.ZOAna1UDP1uWVp5PctnrGJY1lhltaSS3KhI2cnA4zO', '$2y$10$Y5VoGJCDowZM3CYBLMfl7.S.Pz6GTf0iimBuvtYmsb/L60DAk9YW6'),
('1461300079031', '062', 'นาย', 'อาทิตย์', 'คันทัพไทย', 4, '$2y$10$/opjA4pho8i41xq9YtPMPeD/tK8b62uE3dxI5J6pEnnikWuMIsT4q', '$2y$10$s3knAqPJ9ymz1ThWno99GeV1OVqVYIYbfs.67YZNdmB486WOkaIA6'),
('1489900232792', 'IOT21', 'นาย', 'ทองยศ', 'ศรีเพ็ง', 4, '$2y$10$xuXJvyEtJFU.Tda2hUUu6.ALeqOWUkHWWSceDbiOqyxHbna0cLL/i', '$2y$10$vzdLQQfwW4vU46TUmsII9ecpm56HveWqsC.0qmr2Zoph7rYcbyZUW'),
('1499900176761', 'MB21', 'นาย', 'พงศธร', 'กลางประพันธ์', 4, '$2y$10$xDYFLvjFC1f2YTwMpC/ObeGGJx3hlsx6Nxd6bmPsmuSJLfacz3wTy', '$2y$10$HsBzs8koT8HKilmq3plDQ.fnnf.an9R4QgYDZOugDkHOF5DANC95G'),
('1509901570755', 'IOT16', 'นางสาว', 'ศศิกาญจน์', 'ฉางข้าวพรหม', 4, '$2y$10$RMZuguFaCNXipF4mM1E4LOLIKMtmlbQ0pinS8QbJ2u9ljklTkhao6', '$2y$10$VJFxcvct.BHBSTOVcNQfJeiPI6YY5JBnmspnh3lONKMR0bCNAv43a'),
('1509901573096', '033', 'นาย', 'ธนกร', 'ทำอิ่นแก้ว', 4, '$2y$10$XxTOoZC2RWwmsjy2E.D5u.C8iPEkYzLykVG7O9S/6WyDFIIzDjwsC', '$2y$10$C14icB21Q2EFWmhJ8Tca4ub6pC8HjHjE6/AibS/PUrCLa2yttklGK'),
('1509901695922', 'DIM13', 'นางสาว', 'สุขธิดา', 'วาตรีบุญเรือง', 4, '$2y$10$5pFp.M/UQS0cbpG9VZrY0uZvUGC5uUfFre41lLcBWJvIZgbpBCtmi', '$2y$10$pCs8DCNlgJlb/hKhW7AQG.oAnXIg6sIv55ONADBvK2xMHMj77Z0c6'),
('1529900610362', 'MS07', 'นางสาว', 'วิศนี', 'สุธรรมปวง', 4, '$2y$10$zj2s9gWBrjnuVuQSP3K68eQlthvG9PvfCcuqboD0APlartyKFMX7K', '$2y$10$yDN91fgyoFt6fg3GLYVrkODkTOJSZWkhl72YhydSNkCR0JTWs2zWy'),
('1579900537916', 'IOT13', 'นาย', 'จิรภัทร', 'แซ่พั่น', 4, '$2y$10$JGZ4DOLNzyi3C3FGjYdpVO4nQcpToqxHfvACiiUW5d/amAAMTil5K', '$2y$10$zPIY7CpFe65MY0bSFJRh1ulAw4C3O/j8vyiIzyHtQT2Fq6EvwIKp2'),
('1579900599920', 'IOT15', 'นาย', 'ธนโชติ', 'วรรณราช', 4, '$2y$10$7eSHi71gS31BmUavGfUI9ObzmJgblKhj942kxerLALPeXGbeViHTq', '$2y$10$xRbdms9DzmFDTKtr8ca9ju9vgkGnzYkLEZCFbaq3GnhBTLrodTqAy'),
('1619900115379', 'MS32', 'นาย', 'เจริญชัย', 'ตันติพงษ์', 4, '$2y$10$URWmRIM0wsnwxsk3/NO0gO/6Eaw.WuwX7NaImpoB1nbyZDUuSDoke', '$2y$10$6D26V9Kg.7prdj5Hthy/HeG255o8X5LzSilyLu6aAYHzuYdV.IBpu'),
('1659900020980', 'VD15', 'นาย', 'ชัยวัฒน์', 'สนศิริ', 4, '$2y$10$j8dKQq6R2MGTSQ8UAQH3/u8YrtWje8Z7khCXh0Fs4/NYyh.dKmI8m', '$2y$10$nLHnHaW6aB8kvcbvWGuPNObMK//E.zPgi3C3bqe1nOVzRoJeHvsdy'),
('1670600164015', 'IOT06', 'นาย', 'ฉัตรชัย', 'เหขุนทด', 4, '$2y$10$.l25CxUqLyRwH/JpK2FWFOoRwlgfMb8vjOVK.JehD1y9miHgRlilS', '$2y$10$mwqccPEB46za7ttWK.uDbeiPHmpc.fDr3RqyOG9nxRQXoLXxB/fDi'),
('1719900217189', 'VD10', 'นาย', 'ปฏิเวธ', 'พงษ์ศิริจันทร์', 4, '$2y$10$jlZa0U5H1HE7qhLHRqlZU.XudZgNV6ZgPSl0zBK0fyt7wtDg6U0Au', '$2y$10$7NZopCITcKpwgYW6jVMrhu975Cedj9uE57P4kmaaaLfAtw2hB/ZQ6'),
('1809900109555', '031', 'นางสาว', 'ภัทรารัตน์', 'ธรรมสุนทร', 4, '$2y$10$Vbgr8XLLUPDvKEIR1o.TxeateeewSCzxik1C4qXl2DBaZXmt7WKLO', '$2y$10$znNf68Ju/t4BhbrI88SgEejxvTrm54cETx68C73bLs14NKCIpuFci'),
('1909900505565', '020', 'นาย', 'ภูริณัฐ', 'จันทร์หอม', 4, '$2y$10$jr92z0HYx19jlsBma1hyq.dhYDFcRqBnamEzg0ZWv5m0dCRwH1Frm', '$2y$10$p5NUw.cV5sEjvnTebmiKmuU94DSktaiDooDTf8Tutro8N0UZoVLgi'),
('1939900160363', 'MS02', 'นาย', 'พัทธมน', 'เต็มยอด', 4, '$2y$10$bgHn9G5bDNQuVsEAuQlxE.bVVLy9754Dz0XQPPohQedzGgMEshPJ.', '$2y$10$DQ5c4.pbnyNRFyIkHeEZ7unwaEW9fjaQvcTZhK5E9PKmEetTsQ4yW'),
('1960800104757', 'MS36', 'นาย', 'เตชเสน', 'ชิณพงษ์', 4, '$2y$10$9JGZAxe2tf99x/H/WQ/YtOsnJLjbOALUdNzNjOyO8Beg4srK1x4ny', '$2y$10$a.3Q1xPaKXpa6cGCNwpIm.BNGc/P4TCwA75AwMgsfhH.kygx13SH.'),
('2300100024011', '065', 'นางสาว', 'ฤทัยชนก', 'จันณรงค์', 4, '$2y$10$nJ5/yuMY68yVhc472imjyOIY1mQPhmlyseI.nV5RbZgwPALpAp7Ly', '$2y$10$cFfHJxeWB5lq7j0CBBqhlegn5i/Piqe9b1RUPz.EZPoVvDgpb/d/C'),
('2309900025061', 'VD04', 'นางสาว', 'ปลัดดา', 'รันใหม่', 4, '$2y$10$ki7.otA2B5AW9hgDpd4.YumJHWmyc.cLK7dSG3LI59ZK1chxib1qi', '$2y$10$NCUR5jPJQNduJOVEBPe6WuBpycmx3p4PouQn0Q3il1VgH5E/MSOkK'),
('2309901061699', 'DIM01', 'นาย', 'ภูริทัต', 'เสียวครบุรี', 4, '$2y$10$OFQkP4X53GHr39PYnOun5OVjqjRb/AVrjfsiy2bgQ7Aq63J4Wwc9C', '$2y$10$U8/Kjjebxok8JrFJzK.HN.SDNvlhAqi7Rd8TxwMsgW5Ueuz/yk4sO'),
('2310600015215', 'VD22', 'นางสาว', 'รัตนาวลี', 'โชตินอก', 4, '$2y$10$uaEtqo1XnZiUkKiEVTpq9eo8ilNtQC8E7rmTj8Lt8olIGR/JRGq1O', '$2y$10$ghivJIHSlVNJuU5lqIdNVu2W23SCEu4MyME.8r3EUH.1mk6dygWZu'),
('2330400067092', 'MB23', 'นาย', 'วรสิทธิ์', 'งามสะอาด', 4, '$2y$10$GV6fpmN/Y8wjvmHuFZNiZeqH8UR8mQ8aAN/ZU3o7u56WTHQpxsvs2', '$2y$10$UZVP1dxQQ99VHdoG1X7Jeexh.5Ic/rrm3kwcuESBh6FihIOKJzgK.'),
('2839900024922', 'MS13', 'นาย', 'มงคลเทพ', 'คู่อรุณ', 4, '$2y$10$TOuCobveirVdqC.qhV/zye82mtIeNe73kETfqsUeaKBXKqqiCqqUK', '$2y$10$wleHvZ.q7PMWWw7dMCJbweUkg05UW6suoymspmnoVd0Ol1Spo2BGy'),
('3100200621321', 'MS10', 'นาย', 'สมบัติ', 'ปัทมมงคลชัย', 4, '$2y$10$paY0Yt2WKBe9D1bjpwFcCOWzKaLRjXW88e7aVSDVUGvmeTFV5nrzS', '$2y$10$upfyLgTC9xDQus2IW7SUxuhkgrG9V5hV3W1YYyq3x0.508SEXg1gW'),
('3100202569369', 'IOT04', 'นาย', 'นายสุนทร', 'คำเอม', 4, '$2y$10$6UH4A2oYGoB5HrWvEIqNxezoFRGbRS40BOx.t2fl27vIOIcfhjIku', '$2y$10$kmXG7ygpFlKvkkTWv.2clew0r9OCR2wlBXdnvPoZWn6P5l1mH.K1S'),
('3100203336929', '025', 'นาย', 'วิรุจ', 'สุวรรณปราโมทย์', 4, '$2y$10$8S.cf7ayYEbKWkHQeZGrO.vTE6cH6qBYJz/2JpMD1lEv8tMvUmwCm', '$2y$10$NSLZp8l46hLXza5d7QFid.DiCE5UAfRVZANKDgRxYz35uFZ4nqa2S'),
('3100500127828', 'MS24', 'นาง', 'ภัทรพร', 'กลางประพันธ์', 4, '$2y$10$3iOTTABIIk7UAdWr.WD85.liYh/6n9aQ3bhIZnF4EBTY9qIDncs.y', '$2y$10$JMlJV5WjemgBpONBcpGsdeBlM148DDZHFA1Vk59MoP.pqejl4dege'),
('3100500346007', '009', 'นาย', 'จักรพันธ์', 'อร่ามพงษ์พันธ์', 4, '$2y$10$okf9Ds5CLtnhJbRmFFQ.3et7SP6c2MEKNp7AUF6BE.FWerXjiuyku', '$2y$10$PIY64NOo8w3K1HdFWpnE5e3bEK2kTFOdHLBEO5wrHheStiLyiIL82'),
('3100501171758', 'MS18', 'นาย', 'วิทูร', 'ธรรมธัชอารี', 4, '$2y$10$7VsRYFPyihdfeJa7w.kM5efkGujDqLpuoK62q3OB6PRMj18nuPHN6', '$2y$10$wEzic4F4g..RPCSeeL.oOek5r5Nn36ymqLvPLIVeKVL2peW0fGA7G'),
('3100603217650', 'MS15', 'นางสาว', 'วิลาสินี', 'เทพสุนทร', 4, '$2y$10$G0RSTtfNkAqTr5pFHImmA.bUQQYNwo.p11bReV0sEaNLpaYn6QjmS', '$2y$10$v8kFg8tVu8zTgYOdPzLUG.57gJB0WppxXDoy.Sln6zz0XxHabsg7u'),
('3100701057509', 'MS21', 'นาย', 'พรเทพ', 'กิตติพัฒน์ไพบูลย์', 4, '$2y$10$mE/RmlgKfxdtsXC4hvm8fOMnLQA1mhs9BXRH5pRofyulDaFBV5jem', '$2y$10$JEBYrv6U5c9XKw.yDLapleEUskkQTcbSi/Y/cZEdsT7mABFoxjRNi'),
('3100901088149', '036', 'นาย', 'ชนม์ชนันทร์', 'พงษ์สุชาติ', 4, '$2y$10$4SGIJwpE6Zlbhrv/OZSdL.uvzKGq8Yz30OqmNbAnlT5lkCI6fW51K', '$2y$10$E0DvbIpRkQxg3J5ZRYmpWulBpRksnIYeGtwQBt0ySGnFdwGdtZxnm'),
('3100904345151', 'MS43', 'นาย', 'อธิวัชร', 'อารีนิจ', 4, '$2y$10$ClYimrxZ7FPFTrNDQrWUTu6RUUmT5w.I3UyRfJf6T9xkq18V/NuiG', '$2y$10$/SE/T325idjie52YYdz3wusoB8G8BUZbaAEW9h6M71YwrzMxHdhhW'),
('3100905270774', 'IOT25', 'นาย', 'จตุภูมิ', 'ตั้งศีลสุขชัย', 4, '$2y$10$rpNTmPcUEdzT8AZsI1Mlg.Wa3xgnhXVRtECOwVa0jksM36G1cgYrq', '$2y$10$QNHwbMbkFDoA0zBbyfp.bu8LLFjdyRp2xkAkwcTLM7aJfVv.2p0tS'),
('3101000016696', 'MS27', 'นาย', 'อิทธิเชษฐ์', 'วิสัยทัศนะกูล', 4, '$2y$10$MHg1FvzvIvdlVRwjGneWAuRd0VvRUhkCyB/9p7paw5Nj439ZaQWyC', '$2y$10$vLuHYgyU6x4swkftatC1qupJmgDcWgT9kGrYTyOmyeFtZxxBJ6Sfu'),
('3101201805566', '019', 'นางสาว', 'สุนันท์', 'กมลพละวัฒน์', 4, '$2y$10$.TAsyR9xXyEvlgQ6aotIHuIuPr2c1SPAUBj3Ff7O/3gGgBm8LoelG', '$2y$10$K389DBm5Jl.VjCPEm/PqgO2y7//YkvecDe1RVoB9NoH3h.5Mh/YDi'),
('3101203325693', 'MS39', 'นาย', 'ยุทธศักดิ์', 'บุญศิริเอื้อเฟื้อ', 4, '$2y$10$wsu6E2WCOA0E/8QrBWIpJ./v6mdeus8LBEmDVFwLbl7IXVG1CReLq', '$2y$10$3uxE8Ofd2VZG80Iyq87luO6OY.Tay0d.JCvmdSbyzTHBZs/tPWiqG'),
('3101300030244', '049', 'นางสาว', 'หทัยชณก', 'แก้วกำเหนิดพงษ์', 4, '$2y$10$R6HzA0gb3pS/78ypdSE0UOKtoWaZ1gNlBvgFp0XPEz8yeBEIUBQDm', '$2y$10$KZ1XkCL4tY.wNnCcp5Made5xn.Jw/awOnQQGRap6.bKrik9MnpGV2'),
('3101300272027', 'MS22', 'นางสาว', 'วราพร', 'จิระพันธุ์ทอง', 4, '$2y$10$68G0b6MsXIorN6TQNEM4PO5HQxKwMy05KfskiEYW7H53iA7M01LKa', '$2y$10$P5WOzDeJDxJL6yqNtxQeaOq8GJLaiXfegmHSajloYD4aJI7vOXsCe'),
('3101500037765', 'MS40', 'นางสาว', 'วิมล', 'ปัญญาเดชกุล', 4, '$2y$10$2efGi5FEiEg3T.v1rbTuL.EVCu0TQyBLV9f1dTWuRVEzJtnozCgR6', '$2y$10$Wr08hltKwjLnWNDW4V2JQuS1bTAmmNxJqCL.nf846tosgW8qiInwS'),
('3101501550482', 'MS23', 'นางสาว', 'น้ำฝน', 'อัศวเมฆิน', 4, '$2y$10$PaK4aTbuaZLPQL.orWC8XuTcda4JvlaJ8WpcxYMT24sLLbfILfUE2', '$2y$10$rBx86gCY6Ngtta1bTB3EO.T9MFP2P/ugSUPNyAN8y6KzzDqfBAhJO'),
('3101600148500', '050', 'นาง', 'วิภาภรณ์', 'เกียรติอำนวย', 4, '$2y$10$Hz0MQKqj2SXF8Tjb/WMc2.8izu8./1Q61/jGI9mBb.NzcVrJulcQu', '$2y$10$RF859ENomh6Hco50J7X0yussR1a2QGQGmNHs8nHT.bthxWqv4TiA.'),
('3101700634881', '056', 'นาย', 'ณัฐพล', 'จึงเจริญ', 4, '$2y$10$7JULlqZ2/64sfZOFjmHiPO/5Mpw8GKmVu08JdSeFBC4YMnAbNheGi', '$2y$10$vrmuglOSI7otIgCwRnAn6OnTKehbnc66vMl8byjj4ElVNeGHudsja'),
('3101701032868', 'MS44', 'นาย', 'ชัชภัทรนันท์', 'จิรานันตรัตน์', 4, '$2y$10$3Ysrs5mG7Wr/egRanFY6b.CC.JCUqQyBq9uFYYb0db7vXC.zwWjNa', '$2y$10$RjZ/swB.xh9KaV8Sm1zX7eSAnm5xZDp6vkU7snEkkcxeigCyeBfse'),
('3101701308651', '010', 'นาย', 'อิทธิพงษ์', 'เขมะเพชร', 4, '$2y$10$.czjgQ4Y8FGZGEWaKGnIsODdTm8x7NzbNPxEu6oGDs1G6fGmflFqy', '$2y$10$JM5E3udl8pMSkFK07RL6HubhHhg9hNDLOA179rlQwQeZ7iMUbftfa'),
('3101801371443', '030', 'นาย', 'ธงชัย', 'เรืองต่อวงศ์', 4, '$2y$10$hu6Lv.u13JygyPYIKnfDcOviRnwHL8O1Xn6ee.rQLYfeTjUOMTX6G', '$2y$10$lS.2rHKdtPfqfwA/iWvqWOAEUKjMVUYmXBjXDsnDBUt/OhDTV3vT2'),
('3102000333188', 'MS26', 'ว่าที่ ร.ต.', 'กรุงธน', 'สกลภาพ', 4, '$2y$10$UB1KkGcRXW0MiC9Qewf7DeZ8zuNMaO0pd3ur7NTYNqWY6HacrfZRe', '$2y$10$x0lG/3KJ2rSWin/llqtqqO3JFZRQ.WjvwXn8FiJjdPqsyymHak9jC'),
('3102101028810', 'MS30', 'นาย', 'พสิษฐ์', 'ธนาโชติอนันต์กุล', 4, '$2y$10$xIC94OnTKY/httY4mXR1p.KWhA.afcbkmEKK8jVROGVLi5geSgZPG', '$2y$10$.v4XqPbJPbptl03xA2DrdeM3KoZIcoYss.bCwQ15thoZMF7X917aW'),
('3102101810224', 'MS20', 'นาย', 'สมสกุล', 'ทองทับ', 4, '$2y$10$THhUZA/4qDrGY1moZ2VsquZLpPIV5gXh6LoACM/tIpXIHdNbbfLla', '$2y$10$w8y6CtLrxxQdYOb2i5xtj.QzzYBt2NcE6nf/2gRD9YDoiMotk8jX6'),
('3110100760531', '070', 'นางสาว', 'อรัญญา', 'อนันต์ไพฑูรย์', 4, '$2y$10$YIwX1ct58spzooUbla3dZ.L96w9v7Q4pWCPygXgBnMlQYLG9WzOKa', '$2y$10$5d8TDQ/51N36ueBRzsvPg.BTT/aCtYizsihnKjYqSF80w6CAqC.tm'),
('3120100171633', 'IOT08', 'นาย', 'พัลลภ', 'พิมพ์อ่อน', 4, '$2y$10$8TR0zlRJDOhCukuQs/zn1eZ2ul3zQDuej04vE0cO8nIIz5tXtfgqa', '$2y$10$tC487di68O0F/LtpmjHeU.iz2HIHMDIDd9KvSk4Xnn4mVqQLAbFUe'),
('3120101061181', 'MS14', 'นาง', 'บุศรา', 'ชุมคง', 4, '$2y$10$Y7oO7Ft9bXT.XhM8StrFw.1U33Wsv9.1to9n8nyQrBulaDtHTZz/G', '$2y$10$1tg0j5XHdyBKfmIjs14FveLsFw0lKVB0mqD0dzmv5rJ5l161i.Yaa'),
('3120600299167', 'VD02', 'นาง', 'กันยารัตน์', 'เควียเซ่น', 4, '$2y$10$QgzVSPTd1JCqmnNuGaDge.id9fiNNKu.TY/K9jcg/oBt0d5vbvbfW', '$2y$10$9NqAbfxgrxUq/hfU8fSEMeay/MJ/fYubUnOknkDnQSqkxBcw8nX9q'),
('3130200038714', '028', 'นางสาว', 'อริศรา', 'อ่อนสำลี', 4, '$2y$10$uDNlYGMvCRfD3sAYcDe6N.0lvGYyno6Wi1/kpqj68dbBboX./2qWi', '$2y$10$549HxhV2A2jLuo1CLQ/aSeI456fYIGhNtrgWrEGhTpN307RyRb49y'),
('3169900213860', 'IOT19', 'นาย', 'บุญรอด', 'สุขศิลา', 4, '$2y$10$e5bOpM7ZwVumBPORPvuvp.K0NureSnQ4ohoUYXGNdNMVFkleqJUD2', '$2y$10$rL8LhpSDz1X0VnnaSiOsjO4V5O1VTm8FYFScAoEC/2s1uAihq/e7e'),
('3190300184127', 'MS19', 'นาย', 'ดำรง ', 'สังวาลรัตน์', 4, '$2y$10$qq8iLLj/yrSev7ph3FPV0OZ3wl46HumMdXRHC39NwKUY8JQOtfjpq', '$2y$10$7Gga/sJ7JMbaqq3lW79zDOECwBFp2m8USLKfUh42J3bv8fZeYloBy'),
('3200200065940', 'MS08', 'นางสาว', 'รุ่งทิพย์', 'บัณฑิตมณีรัตน์', 4, '$2y$10$N8.JjfW5yAd6MHs9znu.t.wMxKoCFVoyVaDB04UGEWqIq2KbCuWvm', '$2y$10$RDzKh7OmaGxIben10fKFgeolY63LJ3JOmWrUtX7arFXy21WlHDNJ.'),
('3220600002511', 'MS42', 'นางสาว', 'ณภัทร', 'เย็นวารี', 4, '$2y$10$cZoBb4wHj.rOB0ELm.6Dpe8BZqowYI4XMS13ycom9nYvw6Szs0Lni', '$2y$10$8taw5.OdoLgt8EqwciTkS.cEQzTVhDcmR0uc.6PY2bIwkntttgPZu'),
('3249900312875', 'IOT20', 'นาย', 'ณัฐภูมิ', 'สุดแก้ว', 4, '$2y$10$rjZJ.KIxgZQtCWW0lAK9Ie4b24e/dHtBwVjsxbQnmyHnslY16EHqq', '$2y$10$sDSmQoTNsI560rZkUwRE.u/GFLZBMEQW3p4J/0vrVrHwshvruSnR2'),
('3250900099031', 'MS04', 'นางสาว', 'ชไมพร', 'เอี่ยวศิริ', 4, '$2y$10$aFW1ANAzottxDr2kt2tS7ePC4HzqGBPc0ojuU6ZT8nsQt0zrg4IQO', '$2y$10$HoXu4z/BPl6fS.QMlm451.vc1YLn4sVJE1Gc/pKwy6QWisrq7OykC'),
('3300100311948', 'VD18', 'นาย', 'ศัลยพงษ์', 'วงค์สมบูรณ์', 4, '$2y$10$JHnrvEvivAbGX5e04pK02uViwcMvTMj8gBPEW5y0jOORcJhG/Qizy', '$2y$10$H2QvyGgpJhxHnH49URmJ4.bDM3z.uyXK3RyeEskiIpxkgLguGlfZK'),
('3300100803174', '047', 'นางสาว', 'ดวงใจ', 'เชิดพุดซา', 4, '$2y$10$eKo91Jcs7qcuRnBqZ5yY1Ofia68RJ8.ozjzMBK9TTabUI5F5zt.9i', '$2y$10$eK7078uel.xUEnMtkyhAOOnr9STeqJfg/Nh7Lv4AJ2TZJa1gpy876'),
('3300101561140', 'MB19', 'นาย', 'สมภพ', 'จินดาพี', 4, '$2y$10$JqbB8XDwFgg8qIRR.kR1QOYY0AWcccWjjp4NJe/MZM5014oR/cnmy', '$2y$10$TJMdnv0GX.K1eGlTime.xuJZVeyg2kY3k3jopkyQLDcdtIM10BRVm'),
('3300101619695', 'MB38', 'นาย', 'นริศ', 'มิ่งโมรา', 4, '$2y$10$ROqbVUaE6iKOwbU7N/WeBeYdTjUxvpW4E29yJaJ9QH9BZYMqZqYYC', '$2y$10$.ekcVVwvaA458jRpjP7hAe0apueWWgXBXNc.r6ceJXZJyfnDiwqX6'),
('3300800244704', '032', 'นางสาว', 'วรวิกานต์', 'นนท์ขุนทด', 4, '$2y$10$ZPYi4bTVaet016LMnL72QupXDbhbWnuspEZSyAp60UysgnGOfHzXK', '$2y$10$IVwO96zxYs46pKiGmR3QjuuINPb6L0r0wFGd7l4xUtrTy.uUlMIxa'),
('3300900070791', '048', 'นาง', 'มาณวิกา', 'ศิลารัมย์', 4, '$2y$10$1P2lSiFgbQ99CsbrSJck6eA9VflKfzv19zxzNfxWYl5F9BweAYKWu', '$2y$10$kyn0eP1Rrqs6.dSGwQnBU.FVOcUZG9ozdT0f3nQlBcKoPVa4ru/mm'),
('3301300579121', 'DIM06', 'นางสาว', 'กิรณา', 'เยี่ยงกนกรดา', 4, '$2y$10$Rc54zmb7E8fQ/F7yw8.dJuaoJyKE21lsFUZdRNqZReI9vtk6QQKma', '$2y$10$7z..YJlBC2F6TQvdIyTsm.dt8RrDatpIEDuH0TrysouivRfejzTdq'),
('3301700973144', 'MB30', 'นาย', 'สุพจน์', 'เพ็งที', 4, '$2y$10$rE7eHrK.SjTmyDlTdv4TR.Lhl/ZtR4bPNaT/GSgP0hrH2WBssUX7C', '$2y$10$Z1vdNCn02g4xrHMvvmWr.ucGwR.Gt1FSA/tP.sBASXXigsIK8Kc7e'),
('3309600092054', 'DIM03', 'นางสาว', 'นารี', 'กลิ่นกลาง', 4, '$2y$10$ZIM6d3XJCRv3KAl6ZYJtU.0wfblrG31CzAFEYLv.7oi/4K/g2Oqay', '$2y$10$XV31NAunJIRYwDngsLofW.QHCBRRiql139SvuO9x3ACdvXoa/IdCm'),
('3309900374268', 'IOT28', 'นาย', 'บัณฑิต', 'ชนะบำรุง', 4, '$2y$10$6ZzN4aKzv6avxvIWMOnQJ.lHRFemQPJ3aAN/2WT1RBBfoUy8V/A/i', '$2y$10$uh74qPG6Gb2xUEofUeSF.u7dbPRAguMSbOBSn2PgqrkJiqTzPMTca'),
('3309900376830', 'VD11', 'นาย', 'ณัฐกริช', 'ยงไพศาลทรัพย์', 4, '$2y$10$p0upIQodMS9S2R5QjIb7J.B/g5n65h2/fmROeiTlY0h8wecuKjj2e', '$2y$10$oJa4vclqK/YCCr6EEQcSxOQ3NQyJ6I/h82CtsPBdSJyqRJ4ZIiJma'),
('3309900519088', 'MS09', 'นางสาว', 'อธิการ', 'ทองวัฒน์', 4, '$2y$10$oMwnXJMGg87XrYhTo1RiL.PmxdAlN06DtjuXaSW6VuHS4rcDUaf8W', '$2y$10$SyQ/UuIbooKW1LC6ZAwRPOotKk5rd8aKFsh7JnzJLHcqVjxIKVaoS'),
('3309900557168', '043', 'นาย', 'พีรวิชญ์', 'คำเจริญ', 4, '$2y$10$J1VumPm87T4R5gOHBg6OseupV.yUyWVLjV6g9zGTIIT9bzzpyY0CG', '$2y$10$ZCw7oLMqHOHTuhMuW78aROkDtZqgXh0vGbRsvMuaZY7BEoOeE4t1G'),
('3309900649861', '067', 'นาย', 'จักรรวี', 'แสงจันทร์', 4, '$2y$10$Bin1Nd3jbWB.zz8EoxIFzOZhDqBmkVrjCfXOFt208FPtNxh/VghjS', '$2y$10$x3gIvI6cvjwpR411w5IdgeUefgoMXBIY5C6zmMtbxV0bZc7geiAOW'),
('3309901484822', 'MS01', 'นางสาว', 'ปารวี', 'ภัทรกวิน', 4, '$2y$10$eaUd37zcgtwgx0lIIbvUI.Xu3K3Jmxm3OSMyb9STGc4nMmpxS267K', '$2y$10$zRoZbFBuPfnLm99ET5lBguoL1T0mNBsoT/qSN/tB.H4bVTvrIdKGK'),
('3310800325879', 'IOT14', 'นาย', 'วิรัตร', 'บุตรวาปี', 4, '$2y$10$rYHZLTEhMIFJZnyJ9VWU7eSX28tfi19FKy5jIvnizPm8kR3RdbDQ.', '$2y$10$Y6cl9UeH5P6QX4JzDZQciu2VX2DFmUh9HCXWkMlVKE2Zi0bZNvZfW'),
('3320300013860', 'IOT07', 'นาย', 'พุฒิกร', 'เนียมเที่ยง', 4, '$2y$10$hzBpsI0RjIeE.F7x57QBy.zTXYKo.WBviKKjDEMujUX7J4E51UIFK', '$2y$10$kYTsnhkhynkWI8kLNBx0l.0WRFP2tZwwm9rNtendKudM92xw5TIce'),
('3321300067782', 'IOT18', 'นาย', 'ศุภวัชร', 'จันทร์ดา', 4, '$2y$10$aTU5AMt9eAhJyWnWuMUxye629Oq82keuQMxMqF31hAAaqlrxRZJi2', '$2y$10$nyjxZ/BDMDvvPeXyEJWeS.e3oWRPNBbwmaIn58NIY3irUGYpy/eae'),
('3329900272309', '029', 'นางสาว', 'พราว', 'สุขพูล', 4, '$2y$10$kP33PkJ9zYiE6TyTjBA6LOHuF/JkaS5wqq8P9x2ngR5jc.uU0Bobm', '$2y$10$PjwsLTay7SO0EXLoLDwzyeMwgVChHWD1/Z1uGD8es3ujaKP9mfnDW'),
('3330401685405', 'DIM07', 'นาย', 'จิตติศักดิ์', 'คำตัน', 4, '$2y$10$puR2ksE6uslO84LHKRh7Me2ufx4ssoUnyCqja/vFhvXmLnj0urGP6', '$2y$10$2iBRwHHTllOs0M3yiZEQU.DX.0azHcz67zyfodnAydyS7zenMORcC'),
('3341800115395', 'MS41', 'นาย', 'ศุภชัย', 'โพธิ์ศรีคุณ', 4, '$2y$10$NYXeXPdokXlWC1lHZ8I7OumwBUhTEJ/iC13MLUpOBlQtm8rpDNbZG', '$2y$10$wtRnvbKAVacMQ4fUxG74hu6uEfE7aqyG/4PY.S.GQ3sZousMZSuSm'),
('3349900036052', 'MS03', 'นาย', 'ธนาธาร', 'ภัทรกวิน', 4, '$2y$10$wJmUUnZS1ypRX2Xlh5OT.OEiPPXO87.o8Fd9zuDRLjfZ47iHTPYSK', '$2y$10$QSmAq1OX8MJitCXrO/T7p.QKonv0xFrA7tBaaWitSProXmvhf.NRu'),
('3350100653610', 'MB33', 'นาย', 'ศักดิธัช', 'ทิพวัฒน์', 4, '$2y$10$rABcGU9qq9MAqVE963t9RuMv/nLphn3HQ.lqgfVwW9aPjSG9ELASW', '$2y$10$uifj2oxWV7kGrdP2lCs65.5jLIkE9E8uxFITSStzzdF0X4mlOF7uS'),
('3401300118769', 'IOT09', 'นาย', 'ปิจิราวุช', 'เวียงจันดา', 4, '$2y$10$51XyJHQjV6Ps46WdSMsE9OAnyrgsl4b49u9UUo0dU/G4pPxsmuLfW', '$2y$10$puv/QrMXGcc6yRvMQh19c.yTPHC3/4DkXoeF4OepAYjWdBNVgDBGi'),
('3409900883838', 'MB37', 'นาง', 'ศุภชานันท์', 'วนภู', 4, '$2y$10$HZKYmMdIqbZhXM9p6W/L2upobX8qLLk9omH/xTufrCK8j3JsV0Qve', '$2y$10$di6XRHmM570Jc0JXC1oJp.s9IUX.xpd3dpueLPLLOtGpHjkkcBqY2'),
('3419900343345', 'DIM08', 'นาง', 'คนึงนิตย์', 'หีบแก้ว', 4, '$2y$10$VLt1We6tirg5kF0F9Zv3WujtHKpc7sqUNhWfxKAdUod3fS5DcnrHq', '$2y$10$AiS7NU307j61vVssJkdAzupmL/4QtD/zWvUP63ApwOIEoU8rVga7q'),
('3440500700282', 'MB34', 'นาย', 'ยงยุทธ', 'รัชตเวชกุล', 4, '$2y$10$K1vA/IeUowrVgx3nMT44l.iRef3d57B4gk0VBpTAmcN5j1NZaP4/O', '$2y$10$1bm2T9k20f.NURrkYNEfJemIgwKtblTS3RqTl6LnL0Ccl1YXIj3Ie'),
('3440700311514', '054', 'นาย', 'คำสี', 'แสนสี', 4, '$2y$10$toTwWqk97eDTXcwgsPA2SuwlDxO6lEQH/QgQJiEGxld0lPU3d/DmS', '$2y$10$IEC2XtWhVY3.HQYHdLq7cOcnjxjVCw2El69gwYR4/NqaN3BohMaJK'),
('3450900136716', 'VD09', 'นาย', 'กิตติธัช', 'ทองเบ้า', 4, '$2y$10$RaJOwGC4O7L38O2vSg66/uSKM/AdA8PZibWDEtDHsCo/9uRmZWNAO', '$2y$10$u4ncM5E6xQ0EEpra2qu63.JnTS9yyEKk6LK1S0ErjzU/Xp7Hn5aP2'),
('3461400181403', 'MB28', 'นาย', 'พสุพัฒน์', 'สุริยวงค์ษา', 4, '$2y$10$taUWifv9AG/B./mmH7SATeqvHTvS8qq9Puzcgr9/j5ThdxYwvR56G', '$2y$10$mVADwfIIMkPFBy0TjmUe..jq1zhaWy7HZkXXYus83iWN6aWQOiyx6'),
('3480400280796', 'MB31', 'นาย', 'วิทยา', 'ไชยศล', 4, '$2y$10$IIQ4nq/jRihdDTWSHaHpG.dvB4aF7sF2V0xPJEXaJYWbU7.p7vKsK', '$2y$10$egQ3CLZSkavCtILHdFGoOuExuaGq567MH0ZR4zL9smHiGhKZu2EhC'),
('3501500532584', 'DIM09', 'นางสาว', 'วัชรินทร์', 'อินถา', 4, '$2y$10$6rVTmeaBy6OKvhW4sznT8ORoBlbhWZgndkEuQsttOuQXKCEwPj.D2', '$2y$10$nw5d4/pYsxLQ32N/GTe9r.qkGSUH5ZbDguV.e7kGqyBgga2iddEUy'),
('3509900002806', '004', 'นาย', 'ธนัท', 'ทองอุทัยศรี', 4, '$2y$10$fbqwOvb1MsdI9kwK.9k9ruesDcp3S9j7uJFA37XFgdcxq/7glUiOW', '$2y$10$uMzjCWENHcgBSvBczRmzWOV.oWDr099kSWggxjvPQWKBYRQGoXE2m'),
('3509900828062', 'MS31', 'นาง', 'วรรณวิสา', 'อุทรานันท์', 4, '$2y$10$s7aaTf9IKLusK.UDLV9nDue1DyO.tdKii/krLYuW3I.3dNWqDLkLu', '$2y$10$q56gYT4/G9vsXk0Fw.yK4O24SiaWiFPkqsShXriwDOd1Wy3w0hKvG'),
('3530800167228', '018', 'นาย', 'สุนทร', 'มีจันทร์', 4, '$2y$10$nmhVLJ.s.ICzoBL7xob8t.AFAsldUhbLbPd2xfTfcmJOXgnZtVj.W', '$2y$10$Ydmin5TwPjQlKtuTIv733OBxAMcV/eEyuw0AKfw4WwVtH2qVR7ldO'),
('3570200273558', '038', 'นาย', 'อนุ', 'อภิวัน', 4, '$2y$10$hShjdlEJVVdpKfmY5QpvhOD7kNXvoiqzyvj6sn6cqP6oZM5oA82Bq', '$2y$10$fnB9KHYb.TZ..N60KsWVbev4pzWhTaskFXRV7.0/ZEAOypAeoRvVq'),
('3600700929281', 'MB35', 'นาย', 'ธนะพัฒน์', 'เจริญเนาวพัฒน์', 4, '$2y$10$ZjX2o44z8wYABUCrtV7DJeQHVPrSXTi4gun6SbS5h4aY8ls5H4VIW', '$2y$10$f7dePBtmw1vdMOMs.GB3/.R/L0s1g/HjFj/KJNivLhRHKW.1Rr0Yi'),
('3609900357492', '024', 'นาย', 'ธิษณา', 'ธนคลัง', 4, '$2y$10$PlfXUj/CYdOKhgrdrDMcK.lfFDAR/PF6hnLox23K0O0wQyrq/WjAi', '$2y$10$90jNFjwnmLPmN8eODrgy1uoQMkSWZHkZix4al7L8r/JCc7syuugr2'),
('3650500175003', 'IOT02', 'นาง', 'เพ็ญศิริ', 'โพริย้า', 4, '$2y$10$9dQOLj5Nnm.TsQXxkEzYTuRmMEKOtSaQnOJUnadhHMI9rkx1DV64K', '$2y$10$FyX9xAuAehl5KSk.K3vFCeHpkWQ1N2Q09IJ5PihnIwYBqf66rly.a'),
('3720800383956', '016', 'นาย', 'สัญญา', 'วาสพกานต์', 4, '$2y$10$moU/ptHtkzRCCI0IR9pT8uZ5KmcaJEexGIJFxh1iysUCWTdXA5xa6', '$2y$10$j/u1G4IVNntZE42krrRZuO2mJe/e2tvflCLOEoDKaYCK7YluxFYpa'),
('3769900172327', 'MS06', 'นาย', 'นพพร', 'ชนเจริญ', 4, '$2y$10$Mq4GkW5I9dNhviRjezx.r.F5OzdwRhnLOGxdIk1L84CM/K7as3GT2', '$2y$10$lGyptLVyBdxKHpHyDOQfGOVd.UnZIyKU8.FK7kh2BZuC2I9Zbm3gq'),
('3769900204091', 'MS25', 'นาย', 'โกศล', 'ดีศีลธรรม', 4, '$2y$10$hssm50Qzh1RlyHmDCHwLh.JrVgqvQGvO2Iu7ejjdGvTr4aO0j57sS', '$2y$10$A3YtmnXSEeaqj/arRIWiPeMKI39MBpMJKMRv.KCxKXkSfpiYkCKDG'),
('3770600643971', 'MB24', 'นาย', 'กฤษณพล', 'เกิดทองคำ', 4, '$2y$10$LfakiyRyldTa/KJGTMbPtuUDYc0ycc0hrrvRqmPV3uzLcQGPMMZAW', '$2y$10$AzbUd4ACZWEtncvIbxWoo.ii.tHdVIf9Y/Lrzfu41WrnKkc1TY2RO'),
('3800600129656', 'IOT22', 'นาย', 'เวชิต', 'หนูแดง', 4, '$2y$10$vW2d9LDR3gHnsZMsOMLDQ.00sWfM8aWHH7hxaRiRa5qqs/sLvvjCe', '$2y$10$eItbnnuQ6KFIR3MT1aldnuJVJHftyBOnLRbW4jGTDm5LA39d2/7H6'),
('3809900559883', 'MS16', 'นาย', 'เถกิง', 'ดำขำ', 4, '$2y$10$CI/s8qhWSnQ.oaKwIj2Uve0L6l0/d4Yh/vFyP/EfI3J2r/L5jn/mS', '$2y$10$V.12G2hs/mIb4SNymn9zbeBnEg1CtfwwrxdZt0wTUIylrH/1DQwza'),
('3901100189595', '012', 'นาง', 'พัชรี', 'ชาภิมล', 4, '$2y$10$pKpTTcX/3DJcRiw/wa/WzeUI8GdXqIEdsU5agolRkF/W3JZRYHebK', '$2y$10$eFs5uvM04WzN5jnpwNSzeOufZxPK80F617/g.FjLqDQpTTLrVCMwm'),
('3909800667527', 'MS11', 'นาย', 'วีรพงษ์ ', 'แซ่หลิ่ว', 4, '$2y$10$I9tNrG8Fv7mYhmR6lGn76uZ8zTV9NHIXEG8aWPbEiovS9ZpF.l2s.', '$2y$10$Uewn.NPsxOQKrdIZ9pVdz.63o/Lf6j1BcHvh2Nqko5/8w5n8dgI.y'),
('3940300222731', 'MS12', 'นาย', 'ศักดิ์ชัย', 'เมืองศรีนุ่น', 4, '$2y$10$6RqGaEjwsb6Lquh.aoZFNOkwxtdiR1gck.hc7Qhbf99MlfapSQxfy', '$2y$10$AHRmKWsJBj9OcUXgoRCIGO8eVkGuGU0tHEOMlJmOS7Q8CDbcVqlEK'),
('3940400103539', 'MS35', 'นาย', 'ชาคริต', 'ชุมคง', 4, '$2y$10$GL.qkGMigiiYS59T/MEpZ.a48ky5Wvcp1.emiu2u/jlLQqwkkjMgq', '$2y$10$/vJeuuW0zL8lcVr/E1gGqO16ZEQ5mlwEiNmMSJjpLgKGZYQFAyjlO'),
('4909800002221', 'IOT17', 'นาย', 'วรวิทย์', 'เลิศวิเศษ', 4, '$2y$10$sUhwgYMVLfmJSetAguDQFuExCtLpXYASGHCYfMAItcQs5ghJO2ZQq', '$2y$10$hbYt3qnqH9T.sGE4m9tg5.IjsHSRcD3na7RNWo7n8p.iIZGlmtTIW'),
('5301700009506', 'MB39', 'นาย', 'ประชาสันต์', 'แว่นไธสง', 4, '$2y$10$Bpgn9aheCYUBFKZDM8FggOBIRmjmuBazmTLwaGNWhP6CzQzinoxDW', '$2y$10$XhOoOuKL09ud0np/RyePuOGko5Rg1LKNIQ8GPzLINLcUk5Kf96q6G'),
('6102700007059', 'MS17', 'นาย', 'ไห่ผิง', 'หวง', 4, '$2y$10$bv3/QIgvZsW2eIGzN6pYhuolWgLTHp3yBh72yArGuyyGOrzynP1JG', '$2y$10$Gsc2zwupnbWx8GLjayuufuF35UccuL2XJTRFL3lIINpsqz8ye.3si');

--
-- Indexes for dumped tables
--

--
-- Indexes for table `attendance`
--
ALTER TABLE `attendance`
  ADD PRIMARY KEY (`attendance_id`);

--
-- Indexes for table `badge`
--
ALTER TABLE `badge`
  ADD PRIMARY KEY (`badge_id`);

--
-- Indexes for table `badge_img`
--
ALTER TABLE `badge_img`
  ADD PRIMARY KEY (`badge_img_id`);

--
-- Indexes for table `cert`
--
ALTER TABLE `cert`
  ADD PRIMARY KEY (`cert_id`);

--
-- Indexes for table `cert_of_student`
--
ALTER TABLE `cert_of_student`
  ADD PRIMARY KEY (`id`);

--
-- Indexes for table `cert_type`
--
ALTER TABLE `cert_type`
  ADD PRIMARY KEY (`id`),
  ADD UNIQUE KEY `cart_type_name` (`cert_type_name`);

--
-- Indexes for table `course`
--
ALTER TABLE `course`
  ADD PRIMARY KEY (`course_id`);

--
-- Indexes for table `course_of_program`
--
ALTER TABLE `course_of_program`
  ADD PRIMARY KEY (`id`);

--
-- Indexes for table `diploma`
--
ALTER TABLE `diploma`
  ADD PRIMARY KEY (`id`);

--
-- Indexes for table `enroll`
--
ALTER TABLE `enroll`
  ADD PRIMARY KEY (`enroll_id`);

--
-- Indexes for table `program`
--
ALTER TABLE `program`
  ADD PRIMARY KEY (`program_id`);

--
-- Indexes for table `student`
--
ALTER TABLE `student`
  ADD PRIMARY KEY (`id`);

--
-- AUTO_INCREMENT for dumped tables
--

--
-- AUTO_INCREMENT for table `attendance`
--
ALTER TABLE `attendance`
  MODIFY `attendance_id` int(11) NOT NULL AUTO_INCREMENT, AUTO_INCREMENT=226;

--
-- AUTO_INCREMENT for table `badge`
--
ALTER TABLE `badge`
  MODIFY `badge_id` bigint(20) NOT NULL AUTO_INCREMENT, AUTO_INCREMENT=632;

--
-- AUTO_INCREMENT for table `badge_img`
--
ALTER TABLE `badge_img`
  MODIFY `badge_img_id` int(11) NOT NULL AUTO_INCREMENT, AUTO_INCREMENT=35;

--
-- AUTO_INCREMENT for table `cert`
--
ALTER TABLE `cert`
  MODIFY `cert_id` bigint(20) NOT NULL AUTO_INCREMENT, AUTO_INCREMENT=120;

--
-- AUTO_INCREMENT for table `cert_of_student`
--
ALTER TABLE `cert_of_student`
  MODIFY `id` bigint(20) NOT NULL AUTO_INCREMENT, AUTO_INCREMENT=79;

--
-- AUTO_INCREMENT for table `cert_type`
--
ALTER TABLE `cert_type`
  MODIFY `id` int(11) NOT NULL AUTO_INCREMENT, AUTO_INCREMENT=6;

--
-- AUTO_INCREMENT for table `course_of_program`
--
ALTER TABLE `course_of_program`
  MODIFY `id` int(11) NOT NULL AUTO_INCREMENT, AUTO_INCREMENT=193;

--
-- AUTO_INCREMENT for table `diploma`
--
ALTER TABLE `diploma`
  MODIFY `id` bigint(20) NOT NULL AUTO_INCREMENT, AUTO_INCREMENT=88;

--
-- AUTO_INCREMENT for table `enroll`
--
ALTER TABLE `enroll`
  MODIFY `enroll_id` bigint(20) NOT NULL AUTO_INCREMENT, AUTO_INCREMENT=917;

--
-- AUTO_INCREMENT for table `program`
--
ALTER TABLE `program`
  MODIFY `program_id` int(11) NOT NULL AUTO_INCREMENT, AUTO_INCREMENT=121;
COMMIT;

/*!40101 SET CHARACTER_SET_CLIENT=@OLD_CHARACTER_SET_CLIENT */;
/*!40101 SET CHARACTER_SET_RESULTS=@OLD_CHARACTER_SET_RESULTS */;
/*!40101 SET COLLATION_CONNECTION=@OLD_COLLATION_CONNECTION */;
